user_id,platform_id,session_id,IL_eKey.space_mean,IL_eKey.space_median,IL_eKey.space_q1,IL_eKey.space_q3,IL_eKey.space_std,IL_Key.spacet_mean,IL_Key.spacet_median,IL_Key.spacet_q1,IL_Key.spacet_q3,IL_Key.spacet_std,IL_th_mean,IL_th_median,IL_th_q1,IL_th_q3,IL_th_std,IL_Key.spacea_mean,IL_Key.spacea_median,IL_Key.spacea_q1,IL_Key.spacea_q3,IL_Key.spacea_std,IL_sKey.space_mean,IL_sKey.space_median,IL_sKey.space_q1,IL_sKey.space_q3,IL_sKey.space_std,IL_dKey.space_mean,IL_dKey.space_median,IL_dKey.space_q1,IL_dKey.space_q3,IL_dKey.space_std,IL_he_mean,IL_he_median,IL_he_q1,IL_he_q3,IL_he_std,IL_tKey.space_mean,IL_tKey.space_median,IL_tKey.space_q1,IL_tKey.space_q3,IL_tKey.space_std
03ed26062301e1ac6bbf94f3c03a7e56,1,1,6.993103448275863e-05,6.9e-05,2.5e-05,9.6e-05,6.0838739440826416e-05,0.00013275,0.0001435,0.00011825,0.00015725,4.162331077653483e-05,0.0001283571428571,0.0001305,0.0001215,0.00013575,1.8041009450084045e-05,5.725e-05,8e-06,-1.75e-06,3.3e-05,0.0001439074603446,0.0001121249999999,9.1e-05,2.675e-05,0.000144,0.0001184521703755,8.78125e-05,6.45e-05,3.9e-05,0.00012375,7.155903739803474e-05,1.5333333333333334e-05,1.8e-05,3e-06,2.9999999999999997e-05,2.09252638374446e-05,0.0001271153846153,0.00012,7.400000000000001e-05,0.00015825,8.328232798046746e-05
03ed26062301e1ac6bbf94f3c03a7e56,1,2,5.792857142857145e-05,3.2000000000000005e-05,2e-05,9.4e-05,5.78492261575984e-05,0.0001574,0.000153,0.000145,0.000176,1.84472220130837e-05,0.00011175,0.00013,0.000126,0.000136,5.289977659344473e-05,2.4e-05,1.6e-05,0.0,4.175e-05,4.257766013835357e-05,6.088888888888889e-05,5.7e-05,4.1e-05,6.4e-05,2.880297052581749e-05,6.878571428571429e-05,4.15e-05,-9e-06,9.2e-05,0.0001323382487715,2.111111111111111e-05,1e-05,1e-06,3.2e-05,2.9216623882836143e-05,0.0001236428571428,0.000104,5.2749999999999995e-05,0.00013475,0.0001212090420229
03ed26062301e1ac6bbf94f3c03a7e56,2,1,7.20294117647059e-05,6.4e-05,3.2e-05,8.625e-05,7.716196476052238e-05,0.000182,0.000116,0.000104,0.00014,0.000196509541753,0.0001026666666666,0.000128,9.1e-05,0.00013675,5.4942750953633014e-05,6.500000000000001e-05,3.4e-05,1.025e-05,8.999999999999999e-05,9.2462605053791e-05,0.0001215625,5.9999999999999995e-05,4.8e-05,0.00010425,0.000168652292701,6.146153846153846e-05,5.6e-05,1.6e-05,0.00012,6.57579087570656e-05,4.4e-05,1.6e-05,8e-06,2.6e-05,9.159330397650986e-05,0.0001493913043478,0.00012,7.999999999999999e-05,0.0001515,0.0001320935409371
03ed26062301e1ac6bbf94f3c03a7e56,2,2,5.088235294117647e-05,5.2e-05,3.2e-05,6.5e-05,3.7682692235529656e-05,0.000201,0.000152,0.000128,0.000164,0.0001395098562826,9.95e-05,0.000128,5.025e-05,0.000142,5.030628412258475e-05,5.88e-05,6.4e-05,2.3e-05,9.5e-05,5.6384395004291755e-05,0.0001100666666666,7.3e-05,6.45e-05,0.000148,7.841780652984616e-05,4.725e-05,5.2e-05,2.9999999999999997e-05,6.424999999999999e-05,4.336802640524139e-05,0.0001036666666666,7.6e-05,3.8e-05,0.00016725,9.23376544224642e-05,0.0001184444444444,0.000112,7.3e-05,0.000169,5.1681986975906583e-05
03ed26062301e1ac6bbf94f3c03a7e56,3,1,5.665000000000001e-05,4.4e-05,1e-05,8.65e-05,7.263772761922148e-05,0.000174125,0.0001525,0.000134,0.00016,8.972726532585924e-05,0.0001613636363636,0.00014,0.000128,0.000154,6.282558830169873e-05,5.833333333333333e-05,7.999999999999999e-05,2.4e-05,9.175e-05,4.580247446008421e-05,9.06e-05,8.9e-05,4.05e-05,0.000117,7.445689069138311e-05,5.3e-05,4.85e-05,2.9999999999999997e-05,7.325e-05,3.7175260590882215e-05,6.108333333333333e-05,3.65e-05,1.225e-05,6.275000000000001e-05,8.972630944188336e-05,0.0001171333333333,0.000123,8.25e-05,0.000148,4.205585854664292e-05
03ed26062301e1ac6bbf94f3c03a7e56,3,2,6.4e-05,6.5e-05,3.6e-05,8.45e-05,4.097289076667373e-05,0.0002054285714285,0.000153,0.000126,0.0001684999999999,0.0001685139530749,0.0001699999999999,0.0001405,0.00012925,0.000168,0.000111088826048,6.85e-05,3.85e-05,2.625e-05,5.3750000000000005e-05,9.187110535962872e-05,8.046153846153846e-05,8e-05,3.3e-05,0.000128,6.56678706124177e-05,9.12e-05,8.1e-05,7.9e-05,0.00012,2.8065993657805885e-05,4.399999999999999e-05,3.7000000000000005e-05,3.2e-05,4.875e-05,3.0110054543547154e-05,8.772727272727273e-05,0.000111,5.2e-05,0.000126,4.595887489721851e-05
090e14f795db6d9fad9fc4ddd6ff5094,1,1,0.0001186363636363,0.000129,0.0001,0.000139,3.329045727313678e-05,0.000412,0.000248,0.0001805,0.0004795,0.0003793766817645,0.000175,0.000169,0.000163,0.000197,2.4259018941416404e-05,0.0003147999999999,0.000264,0.000191,0.000434,0.0001453709049294,0.00019,0.000132,0.000103,0.000167,0.000213929505523,0.0001141111111111,9.8e-05,6.3e-05,0.000126,7.424190939833856e-05,0.0001954999999999,0.0001795,0.00015525,0.0002315,9.69984535959208e-05,0.0002105,0.0002235,0.0002025,0.0002315,3.733184520843655e-05
090e14f795db6d9fad9fc4ddd6ff5094,1,2,0.0001424736842105,0.000128,0.000113,0.0001725,5.05957490759985e-05,0.000396625,0.0003149999999999,0.00024275,0.0004095,0.0002746566362881,0.0001692857142857,0.000162,0.000145,0.0001775,4.0623122667245746e-05,0.0003828333333333,0.0003019999999999,0.00026,0.00040925,0.0002604146053251,0.000182909090909,0.000195,0.0001495,0.0002264999999999,6.191842140341523e-05,0.0001743999999999,0.000177,0.00010725,0.0002025,9.103015373429228e-05,0.0001474999999999,0.0001235,9.575e-05,0.00015125,9.593487374255516e-05,0.00014125,0.0001335,0.00010875,0.0001615,7.288689868556626e-05
090e14f795db6d9fad9fc4ddd6ff5094,2,1,0.000122909090909,0.0001245,9.025e-05,0.0001497499999999,5.154924514796192e-05,0.0003682,0.000219,0.0001675,0.0004767499999999,0.0002904122739983,0.0001693076923076,0.00016,0.000149,0.000185,2.549962292330554e-05,0.0003884,0.00024,0.000226,0.000301,0.0003388691487875,0.0001494,0.000116,0.00010425,0.00013775,9.38819589815968e-05,0.0001243333333333,0.000123,9.5e-05,0.000132,7.035090617753263e-05,0.0001736470588235,0.00011,8.3e-05,0.000207,0.000145733893268,0.000163,0.0001085,9.125e-05,0.00020375,0.0001262039166247
090e14f795db6d9fad9fc4ddd6ff5094,2,2,0.0001335625,0.0001264999999999,8.375e-05,0.00017325,5.750126810195871e-05,0.0002748571428571,0.000244,0.000183,0.0002675,0.000175283987262,0.0001611538461538,0.000159,0.000149,0.000169,2.5741814730920305e-05,0.0005725,0.000523,0.0004529999999999,0.00070625,0.0001831837874922,0.000160875,0.0001445,0.0001217499999999,0.0001985,7.69200651882942e-05,0.0001273333333333,0.000129,8e-05,0.000156,5.032891812864648e-05,0.0002158461538461,0.00019,9e-05,0.00027,0.0001527791686028,0.0002215,0.0001115,0.0001032499999999,0.00014875,0.000277022433336
090e14f795db6d9fad9fc4ddd6ff5094,3,1,0.0001397857142857,0.0001419999999999,9.4e-05,0.00018475,6.703865540627525e-05,0.0003216,0.00035,0.000245,0.000398,0.0001288149836005,0.0001784285714285,0.000177,0.000174,0.000184,1.144344270542658e-05,0.0006354285714285,0.000651,0.0004315,0.0008685,0.0002967821070206,0.0002080833333333,0.0001425,8e-05,0.0002144999999999,0.0002494162123232,0.0001308181818181,0.000129,9.4e-05,0.0001695,5.615837993001254e-05,0.0001948571428571,0.000214,0.000117,0.0002615,8.430584908816344e-05,0.0001194999999999,0.000116,9.7e-05,0.0001385,3.981205847478877e-05
090e14f795db6d9fad9fc4ddd6ff5094,3,2,0.0001474210526315,0.000135,0.000115,0.000168,6.270594140684994e-05,0.0002887999999999,0.000162,0.000145,0.000201,0.0002991273976084,0.0001581875,0.000153,0.000144,0.00016725,2.193085725638649e-05,0.0004713333333333,0.000318,0.0003095,0.0005565,0.0002804324042141,0.0001822857142857,0.00016,0.000145,0.000208,7.643889560887676e-05,0.0001408999999999,0.0001394999999999,0.000117,0.000163,3.647358252519516e-05,0.0001981666666666,0.0002105,0.0001085,0.0002485,0.0001181615483782,0.0001123333333333,0.000123,9.25e-05,0.00013325,3.059847490752875e-05
0b368dc281d8fec53d8ecaa40d0f35eb,1,1,0.0001122222222222,1.5e-05,-8e-06,6.4e-05,0.0002957261308109,0.0001861428571428,0.000146,0.0001135,0.0002415,0.0001190426094184,0.000156375,-2.45e-05,-3.925e-05,0.000369,0.0002752562118152,0.000205923076923,4.8e-05,3.2e-05,0.000296,0.0002369699212764,-7.529181753371558e-22,-4e-06,-2.175e-05,1.875e-05,3.5656861397294665e-05,5.5777777777777775e-05,3.1e-05,-3.7e-05,8.2e-05,0.0001343054147994,2.1e-05,2.7e-05,2.4e-05,3e-05,2.1540659228538017e-05,4.86875e-05,5e-07,-2.575e-05,4.475e-05,0.0001483966391128
0b368dc281d8fec53d8ecaa40d0f35eb,1,2,0.0001286,3.3e-05,1.25e-05,0.00018,0.0002156262639714,0.000164,8.35e-05,3.675e-05,0.00029925,0.0001582220661672,0.000192375,0.0,-2.45e-05,0.00020575,0.0003660626312531,8.375e-05,2e-05,1.325e-05,0.000112,0.0001389213206578,0.0001643999999999,4.1e-05,-7.000000000000001e-06,9.7e-05,0.0003085303411798,0.0001134,1.3e-05,-4.4e-05,0.00011325,0.000245337952855,6.354545454545454e-05,3.3e-05,0.0,6.3e-05,0.0001062462833574,0.0001199999999999,8.400000000000001e-05,0.0,0.000169,0.0001488562454792
0b368dc281d8fec53d8ecaa40d0f35eb,2,1,0.0002727692307692,0.0,-3.6e-05,0.000506,0.0004305957411629,0.0002084666666666,0.000136,4.15e-05,0.00036,0.0002114713309399,2.34e-05,-3.35e-05,-4.6e-05,-1.65e-05,0.0001948453517821,8.876923076923078e-05,9e-06,0.0,0.000201,0.0001627852132136,0.0001495714285714,1.5e-05,-2.625e-05,7.925e-05,0.0003486035249139,-8.000000000000001e-06,-1.05e-05,-3.575e-05,8e-06,4.79314987396448e-05,4.175e-05,4e-05,2.5e-05,4.925e-05,3.278392463213815e-05,3.909999999999999e-05,1.45e-05,-1.5e-05,3.225e-05,0.0001243737575976
0b368dc281d8fec53d8ecaa40d0f35eb,2,2,7.845454545454545e-05,4.2e-05,2.15e-05,0.000132,8.61827867225975e-05,0.0001201428571428,8.8e-05,5.7e-05,0.000128,0.0001048513687264,0.0001114,2e-05,2.25e-06,4.4e-05,0.0002303577893432,0.0001637333333333,6.5e-05,3.15e-05,0.0001475,0.0002367963159301,6.01e-05,7.85e-05,-1.2e-05,0.00012775,7.622401196473458e-05,-1e-05,0.0,-2.35e-05,8.5e-06,3.3151168908501553e-05,1.95e-05,2.5e-05,2.2500000000000005e-06,4.225e-05,4.211492213772532e-05,5.7428571428571426e-05,1.9e-05,-6.75e-06,7.999999999999999e-05,0.0001433643632823
0b368dc281d8fec53d8ecaa40d0f35eb,3,1,0.0002202666666666,5.7e-05,-1.8e-05,0.0003945,0.0003323897167626,0.0001681111111111,6.6e-05,2.1e-05,9.3e-05,0.0002982069098983,0.0001357777777777,0.0,-1.4e-05,8.8e-05,0.0002756151201303,1.4600000000000004e-05,1.7e-05,-1.6e-05,3.1e-05,4.637132734783424e-05,9.266666666666668e-05,5.6000000000000006e-05,-3.025e-05,9.8e-05,0.0001866994018915,0.0001392,2.75e-05,-1.925e-05,4.625e-05,0.0003093433188043,2.2e-05,1.4e-05,-2.4e-05,3.2e-05,7.166937979360502e-05,6.533333333333333e-05,3.1e-05,0.0,5.6e-05,0.0001535952473223
0b368dc281d8fec53d8ecaa40d0f35eb,3,2,0.0001833333333333,3.9e-05,0.0,0.000153,0.0003101414999641,6.491666666666667e-05,4.45e-05,2.725e-05,7.500000000000001e-05,7.813096037869348e-05,3.9899999999999994e-05,-2.65e-05,-3.75e-05,-1e-05,0.0002182635766427,8.3125e-05,2.5e-05,0.0,8.825e-05,0.0001854198389241,5.736363636363636e-05,4e-05,-3.15e-05,0.0001284999999999,0.0001144414896156,9.925e-05,-1.2e-05,-4.6e-05,3.375e-05,0.0003340601956021,1.633333333333334e-05,-8e-06,-2.35e-05,2.85e-05,6.285751082143379e-05,0.0001145,1.55e-05,0.0,6.125e-05,0.0002383780420028
0b3f2442320cf16d3e7e5ddd1a56820d,1,1,0.0001420909090909,8e-06,-1.5e-06,0.00035,0.0002088302921251,0.0002438,6.65e-05,1.275e-05,0.0004175,0.0003337423490592,4.69e-05,0.0,-7.5e-07,4.000000000000001e-06,0.0001448381855727,0.0002495,6.5e-06,5e-07,0.00037775,0.0004110667828954,1.1916666666666667e-05,7.875e-06,-7.45625e-05,3.525e-05,0.0001392724433395,0.0001144999999999,4e-06,0.0,0.0001185,0.0002236984577506,0.0001838333333333,0.000113,1.25e-06,0.0003815,0.0002147961048684,0.0001403333333333,6e-06,2.5e-06,0.0002109999999999,0.0002387599910649
0b3f2442320cf16d3e7e5ddd1a56820d,1,2,-0.000198909090909,-2.9e-05,-0.0004225,2e-06,0.0002294643565111,0.0004256666666666,0.000506,1e-06,0.000512,0.0003632323636461,-0.0001022499999999,-2.5e-06,-0.00010425,-5e-07,0.0002018437927375,0.0007365,0.0007365,0.00063225,0.00084075,0.0002948635277547,-1.8e-05,-2e-06,-2.7e-05,-1e-06,2.946183972531247e-05,-2.7500000000000004e-06,0.0,-5e-06,2.25e-06,1.2257650672131263e-05,0.0002173333333333,0.00022,1.95e-05,0.00041675,0.0002183333842239,1.6666666666666665e-06,1e-06,1e-06,2e-06,1.1547005383792516e-06
0b3f2442320cf16d3e7e5ddd1a56820d,2,1,5.8714285714285714e-05,0.0,-4e-06,1.6000000000000003e-05,0.0001621477867931,0.0003934285714285,0.000393,1.45e-05,0.0006625,0.0004214723625351,1.0750000000000004e-05,-1.4e-05,-0.000133,0.0001297499999999,0.0003671124941122,0.0002367499999999,0.0002135,2.25e-06,0.000448,0.0002744587097057,-6.433333333333333e-05,5e-06,-0.00029825,1.05e-05,0.0003236230317308,1.1666666666666666e-06,1e-06,2.5e-07,1.75e-06,1.1690451944500125e-06,8.26e-05,1e-06,0.0,8e-06,0.0001796991930977,5.666666666666667e-06,1e-06,5e-07,8.5e-06,8.9628864398325e-06
0b3f2442320cf16d3e7e5ddd1a56820d,2,2,7.266666666666667e-05,-5e-07,-3.5000000000000004e-06,8.25e-06,0.0001806957932464,0.0002188888888888,1.2e-05,0.0,0.000449,0.0002577078988139,0.000178,3e-06,0.0,0.000438,0.0002428651889423,0.0004022857142857,0.000436,0.00043,0.0004935,0.0001811681670766,0.000103,1.5e-06,0.0,0.0001045,0.0002040049019018,0.0001493333333333,8e-06,4e-06,0.000224,0.0002517564961095,0.0002166666666666,0.0002179999999999,8.5e-06,0.00041775,0.0002281540415304,2e-06,2e-06,1.5e-06,2.5e-06,1.4142135623730952e-06
0b3f2442320cf16d3e7e5ddd1a56820d,3,1,-4.0900000000000005e-05,0.0,-5.5e-06,8.25e-06,0.0001353271345049,0.0002008333333333,3e-06,7.5e-07,0.00045,0.0003088089484886,8.454545454545459e-06,0.0,-5.650000000000001e-05,2.55e-05,0.0001913365431047,0.0003183333333333,0.000243,3.5000000000000004e-06,0.0004885,0.0003809586154251,2.7e-05,2.7e-05,2.7e-05,2.7e-05,0.0,-2.2000000000000005e-06,0.0,0.0,5.5e-06,2.037318499073394e-05,6.025e-05,5e-06,3e-06,1.75e-05,0.0001458548691581,1.7666666666666668e-05,3e-06,1.5e-06,2.65e-05,2.804163571073081e-05
0b3f2442320cf16d3e7e5ddd1a56820d,3,2,9.94e-05,9e-06,-7.5e-07,6.55e-05,0.0001799198587025,0.0002926249999999,0.0002215,3.25e-06,0.00047425,0.0003407814286941,6.85e-05,-5e-07,-2.5e-06,2.25e-06,0.0001702571584398,0.0003886738095238,0.0003271,0.0002137,0.0005296999999999,0.0003085031605715,1.1916666666666667e-05,7.875e-06,-7.45625e-05,3.525e-05,0.0001392724433395,4e-06,3e-06,0.0,8e-06,4.301162633521313e-06,8.96e-05,0.0,0.0,5e-06,0.0001975684691442,0.0002165,0.0002165,0.00010825,0.00032475,0.0003061772362537
1770934ad1b91344c763822588694de5,1,1,0.0001644,6.75e-05,4.8249999999999994e-05,9.025e-05,0.0002327904159921,0.0002208,0.000141,5.925e-05,0.000193,0.0002719468085245,5.6125e-05,3.2500000000000004e-05,1.9e-05,5.775e-05,5.8902916493401e-05,0.0001565,8.2e-05,4.675e-05,0.000169,0.0001867178230768,0.0001402857142857,6.1000000000000005e-05,3.2e-05,0.0001407499999999,0.000171050342824,8.57e-05,5.4e-05,3.45e-05,7.675e-05,0.0001096803942775,8.400000000000001e-05,8.3e-05,5.5e-05,0.000104,3.841874542459709e-05,0.0001495263157894,7.2e-05,4.0499999999999995e-05,0.000123,0.0001922476320966
1770934ad1b91344c763822588694de5,1,2,5.5400000000000005e-05,5.45e-05,2.05e-05,7.5e-05,3.918106118465343e-05,3.555555555555556e-05,8e-06,-1.6e-05,9.2e-05,5.691904582631176e-05,4.014285714285714e-05,3.9e-05,2.65e-05,4.65e-05,3.079734063967521e-05,0.0001641818181818,0.000167,7.25e-05,0.0002154999999999,0.0001321906336937,0.0001033529411764,3.7e-05,2.5e-05,0.000103,0.0001342008481607,3.4750000000000004e-05,3.4e-05,3.025e-05,4.275e-05,1.504042172661012e-05,7.3e-05,7.55e-05,6.55e-05,8.300000000000001e-05,1.816590212458495e-05,6.914285714285715e-05,3.45e-05,1.9e-05,6.625e-05,0.0001069729348536
1770934ad1b91344c763822588694de5,2,1,0.0001749333333333,0.000162,7.649999999999999e-05,0.0002275,0.0001296492337405,3.625e-05,3.1e-05,4.999999999999994e-07,6.675e-05,5.348753748927564e-05,3.8375e-05,3.0500000000000003e-05,-1.625e-05,5.650000000000001e-05,6.496578769959286e-05,7.3e-05,4.9e-05,4.2e-05,9e-05,5.375406961337904e-05,4.353846153846154e-05,2.4e-05,1.5e-05,4.7e-05,6.009383687841234e-05,2.5166666666666667e-05,2.05e-05,1.15e-05,2.725e-05,2.1710980324864807e-05,0.000111,8.9e-05,4.9e-05,0.000153,7.745482554366772e-05,5.15e-05,3.75e-05,1.8e-05,6.424999999999999e-05,5.11554944789376e-05
1770934ad1b91344c763822588694de5,2,2,8.452941176470589e-05,2.4e-05,1.5e-05,5.4e-05,0.0001554550247045,7.899999999999999e-06,-1.4e-05,-3.55e-05,3e-05,6.457803204048744e-05,8.181818181818183e-06,8e-06,-3e-06,2.3e-05,2.1535172076480753e-05,9.45833333333333e-05,4.2e-05,2.175e-05,5.175e-05,0.0001969238239122,1.6454545454545455e-05,1.8e-05,1e-05,2.75e-05,1.7218383410550694e-05,4.736363636363636e-05,2.4e-05,9.5e-06,6.85e-05,5.67789973974052e-05,6.34e-05,6.6e-05,3.85e-05,9.125e-05,3.777182959708348e-05,8.788888888888888e-05,6.2e-05,3.9e-05,7.725e-05,0.0001264361679867
1770934ad1b91344c763822588694de5,3,1,0.0001731176470588,5.6e-05,3.8e-05,8.8e-05,0.0002685137059706,8.254545454545454e-05,7.5e-05,5.499999999999998e-06,0.0001599999999999,9.384280860712092e-05,4.239999999999999e-05,2.05e-05,1.1e-05,2.925e-05,7.945956344092398e-05,0.0001025833333333,8.45e-05,3.775e-05,0.000177,9.357491732037572e-05,0.0001115454545454,2.4e-05,4.499999999999999e-06,9.2e-05,0.0002409623886154,0.0001252222222222,5e-05,2.7e-05,7e-05,0.000246175129622,7.83e-05,7.999999999999999e-05,4.775e-05,9.95e-05,5.894828241772613e-05,0.0001759375,6.85e-05,3.65e-05,0.000147,0.0002550987962208
1770934ad1b91344c763822588694de5,3,2,8.435000000000002e-05,4.9e-05,3.425e-05,8.9e-05,0.000101970209788,7.68e-05,4.999999999999999e-07,-1.8e-05,0.000152,0.0001252267277115,1.9666666666666662e-05,1.5e-05,-9e-06,4.8e-05,2.9597297173897484e-05,7.957142857142856e-05,4.9e-05,2.6e-05,0.00012,9.091728318066031e-05,4.625e-05,1.9e-05,8.75e-06,3.775e-05,8.522401852373151e-05,5.9888888888888886e-05,3.9e-05,2.9e-05,7.2e-05,5.709957189954327e-05,0.000245625,0.000145,5.85e-05,0.00034775,0.0002646755088783,0.0001163888888888,4.95e-05,2.375e-05,0.00014025,0.0001699526366162
2b1276338fe225d4eaec3ba139659c35,1,1,0.0001004902609868,6.461666666666666e-05,3.282083333333333e-05,0.0001164479166666,0.0001250641195581,0.0002716328019585,0.000202425,0.0001327041666666,0.0003469708333333,0.0002143607789553,8.792909526853384e-05,6.819583333333334e-05,4.888124999999999e-05,9.989375e-05,8.162821337534548e-05,0.0002561209520252,0.0001909133333333,0.0001165870833333,0.0003421704166666,0.0002132185388413,9.240071893028444e-05,6.176041666666666e-05,3.338020833333333e-05,0.0001022333333333,0.0001087403136106,8.832635593021817e-05,6.17e-05,3.686041666666667e-05,9.962083333333333e-05,9.681267002763053e-05,0.0001248696033496,0.0001015166666666,6.853749999999999e-05,0.0001500604166666,9.630081056729034e-05,0.0001318157653182,0.0001006916666666,7.193541666666667e-05,0.0001511770833333,0.0001074576906118
2b1276338fe225d4eaec3ba139659c35,1,2,0.0001004902609868,6.461666666666666e-05,3.282083333333333e-05,0.0001164479166666,0.0001250641195581,0.0002716328019585,0.000202425,0.0001327041666666,0.0003469708333333,0.0002143607789553,8.792909526853384e-05,6.819583333333334e-05,4.888124999999999e-05,9.989375e-05,8.162821337534548e-05,0.0002561209520252,0.0001909133333333,0.0001165870833333,0.0003421704166666,0.0002132185388413,9.240071893028444e-05,6.176041666666666e-05,3.338020833333333e-05,0.0001022333333333,0.0001087403136106,8.832635593021817e-05,6.17e-05,3.686041666666667e-05,9.962083333333333e-05,9.681267002763053e-05,0.0001248696033496,0.0001015166666666,6.853749999999999e-05,0.0001500604166666,9.630081056729034e-05,0.0001318157653182,0.0001006916666666,7.193541666666667e-05,0.0001511770833333,0.0001074576906118
2b1276338fe225d4eaec3ba139659c35,2,1,0.0001004902609868,6.461666666666666e-05,3.282083333333333e-05,0.0001164479166666,0.0001250641195581,0.0002716328019585,0.000202425,0.0001327041666666,0.0003469708333333,0.0002143607789553,8.792909526853384e-05,6.819583333333334e-05,4.888124999999999e-05,9.989375e-05,8.162821337534548e-05,0.0002561209520252,0.0001909133333333,0.0001165870833333,0.0003421704166666,0.0002132185388413,9.240071893028444e-05,6.176041666666666e-05,3.338020833333333e-05,0.0001022333333333,0.0001087403136106,8.832635593021817e-05,6.17e-05,3.686041666666667e-05,9.962083333333333e-05,9.681267002763053e-05,0.0001248696033496,0.0001015166666666,6.853749999999999e-05,0.0001500604166666,9.630081056729034e-05,0.0001318157653182,0.0001006916666666,7.193541666666667e-05,0.0001511770833333,0.0001074576906118
2b1276338fe225d4eaec3ba139659c35,2,2,0.0001004902609868,6.461666666666666e-05,3.282083333333333e-05,0.0001164479166666,0.0001250641195581,0.0002716328019585,0.000202425,0.0001327041666666,0.0003469708333333,0.0002143607789553,8.792909526853384e-05,6.819583333333334e-05,4.888124999999999e-05,9.989375e-05,8.162821337534548e-05,0.0002561209520252,0.0001909133333333,0.0001165870833333,0.0003421704166666,0.0002132185388413,9.240071893028444e-05,6.176041666666666e-05,3.338020833333333e-05,0.0001022333333333,0.0001087403136106,8.832635593021817e-05,6.17e-05,3.686041666666667e-05,9.962083333333333e-05,9.681267002763053e-05,0.0001248696033496,0.0001015166666666,6.853749999999999e-05,0.0001500604166666,9.630081056729034e-05,0.0001318157653182,0.0001006916666666,7.193541666666667e-05,0.0001511770833333,0.0001074576906118
2b1276338fe225d4eaec3ba139659c35,3,1,0.0001004902609868,6.461666666666666e-05,3.282083333333333e-05,0.0001164479166666,0.0001250641195581,0.0002716328019585,0.000202425,0.0001327041666666,0.0003469708333333,0.0002143607789553,8.792909526853384e-05,6.819583333333334e-05,4.888124999999999e-05,9.989375e-05,8.162821337534548e-05,0.0002561209520252,0.0001909133333333,0.0001165870833333,0.0003421704166666,0.0002132185388413,9.240071893028444e-05,6.176041666666666e-05,3.338020833333333e-05,0.0001022333333333,0.0001087403136106,8.832635593021817e-05,6.17e-05,3.686041666666667e-05,9.962083333333333e-05,9.681267002763053e-05,0.0001248696033496,0.0001015166666666,6.853749999999999e-05,0.0001500604166666,9.630081056729034e-05,0.0001318157653182,0.0001006916666666,7.193541666666667e-05,0.0001511770833333,0.0001074576906118
2b1276338fe225d4eaec3ba139659c35,3,2,0.0001004902609868,6.461666666666666e-05,3.282083333333333e-05,0.0001164479166666,0.0001250641195581,0.0002716328019585,0.000202425,0.0001327041666666,0.0003469708333333,0.0002143607789553,8.792909526853384e-05,6.819583333333334e-05,4.888124999999999e-05,9.989375e-05,8.162821337534548e-05,0.0002561209520252,0.0001909133333333,0.0001165870833333,0.0003421704166666,0.0002132185388413,9.240071893028444e-05,6.176041666666666e-05,3.338020833333333e-05,0.0001022333333333,0.0001087403136106,8.832635593021817e-05,6.17e-05,3.686041666666667e-05,9.962083333333333e-05,9.681267002763053e-05,0.0001248696033496,0.0001015166666666,6.853749999999999e-05,0.0001500604166666,9.630081056729034e-05,0.0001318157653182,0.0001006916666666,7.193541666666667e-05,0.0001511770833333,0.0001074576906118
2d94fed3d99ee3fa9d56e8b9896c7c51,1,1,8.73e-05,3.2e-05,0.0,8.875e-05,0.000196302156998,0.0002710769230769,0.000113,8.1e-05,0.000272,0.0003130576255628,-1.692857142857143e-05,-3.2e-05,-7.225000000000001e-05,1e-06,6.921034191919174e-05,0.0003143636363636,0.000273,0.0001199999999999,0.0004485,0.0002016825588529,4.576190476190477e-05,1.6e-05,0.0,6.4e-05,0.0001019185482441,6.146153846153846e-05,6.4e-05,0.0,8.1e-05,6.518769743928602e-05,5.84e-05,4.8e-05,4.7e-05,7.950000000000001e-05,3.677693376483224e-05,5.045454545454546e-05,4.8e-05,2.4e-05,7.2e-05,4.704968360438493e-05
2d94fed3d99ee3fa9d56e8b9896c7c51,1,2,7.700000000000001e-05,4.05e-05,3.125e-05,8e-05,0.0001650723477751,0.0003524,0.000377,0.00011625,0.000504,0.0002648342039003,-3.682352941176471e-05,-3.3e-05,-6.4e-05,-1.5e-05,3.4055534231086525e-05,0.0001961111111111,8e-05,3.2e-05,0.000352,0.0002559670117634,-9.705882352941176e-06,-1.6e-05,-3.2e-05,1e-06,4.08545663082512e-05,8.553333333333334e-05,4.9e-05,3.2500000000000004e-05,7.2e-05,0.0001223180086417,4.0125e-05,4.05e-05,1.2e-05,6.8e-05,3.484417694058315e-05,4.5416666666666675e-05,8e-06,-1.6e-05,4.4e-05,0.0001104391715201
2d94fed3d99ee3fa9d56e8b9896c7c51,2,1,3.9000000000000006e-05,3.3e-05,0.0,6.4e-05,5.231061077831151e-05,0.0002957272727272,0.000144,7.15e-05,0.0004649999999999,0.0003000896835644,-1.25e-05,-2.5e-05,-4.8e-05,2.675e-05,5.4647802818971384e-05,0.0001454166666666,7.999999999999999e-05,5.6e-05,0.00014825,0.0002326407524424,3.5047619047619045e-05,1.3e-05,-1.8e-05,6.4e-05,8.929472335500917e-05,5.981818181818182e-05,6.4e-05,3.2e-05,8.1e-05,4.095563009359808e-05,5.4466666666666665e-05,4.8e-05,4.05e-05,6.45e-05,4.582243160391249e-05,2.8571428571428578e-05,1.6e-05,2.5e-07,6.4e-05,5.110579417054585e-05
2d94fed3d99ee3fa9d56e8b9896c7c51,2,2,6.48e-05,4.8e-05,3.2e-05,7.9e-05,8.454436705067937e-05,0.000285,0.000168,4.4e-05,0.000504,0.0003120299130959,-6.533333333333333e-06,-3.2e-05,-6.45e-05,2.4e-05,8.930434853167379e-05,0.0002324166666666,4.1e-05,2.825e-05,0.000424,0.0003078681708232,1.833333333333334e-05,0.0,-3.2e-05,1.6499999999999998e-05,0.0001096870005754,6.242105263157894e-05,4.8e-05,2.45e-05,0.000104,6.039528659816802e-05,5.2e-05,4.8e-05,3.2e-05,7.925e-05,2.750867631725076e-05,6.7e-06,0.0,-1.2e-05,1.225e-05,2.970241292106305e-05
2d94fed3d99ee3fa9d56e8b9896c7c51,3,1,6.62e-05,4.8e-05,2.45e-05,8.05e-05,6.801701467805159e-05,0.0003762,0.000233,4.8e-05,0.000716,0.0004158719888512,5.818181818181818e-06,-1.7e-05,-5.55e-05,5e-07,0.0001153991492012,0.0001848181818181,0.000112,4e-05,0.0002405,0.0002043711418874,3.9333333333333345e-05,3.2e-05,0.0,7.950000000000001e-05,5.440544440543043e-05,0.0001059,5.65e-05,3.2e-05,8.875e-05,0.0001515251720928,4.2999999999999995e-05,4e-05,1.225e-05,8.025e-05,5.813463996307506e-05,6.0799999999999994e-05,3.9e-05,4e-06,4.8e-05,0.0001022402399579
2d94fed3d99ee3fa9d56e8b9896c7c51,3,2,6.941666666666667e-05,3.2e-05,1.675e-05,5.225e-05,0.0001379353713398,0.000231,9.6e-05,3.2e-05,0.000232,0.0003496688910002,-4.7e-05,-4.85e-05,-8.375e-05,0.0,4.1043066811988274e-05,0.0001472352941176,6.6e-05,3.2e-05,0.000176,0.0001860475508478,3.126666666666668e-05,0.0,-2.4e-05,4.0499999999999995e-05,0.0001052347489233,4.255555555555556e-05,3.8e-05,3.2e-05,6.025e-05,2.7517314810480416e-05,4.26e-05,4.7e-05,3.2e-05,4.85e-05,2.1460262280383648e-05,-3.6363636363636387e-07,0.0,-1.75e-05,1.6e-05,2.612383098732928e-05
3b748a1fdbb41baaa95bc3f44a5e7cfa,1,1,0.0001645357142857,7.7e-05,2.9e-05,0.00023225,0.0001866838250333,0.0004712727272727,0.00035,0.0002395,0.0007005,0.0002886070307213,0.0001602631578947,0.000158,0.0001435,0.000187,5.203827875843273e-05,0.000452,0.0004185,0.00029325,0.000608,0.0002492268043369,4.669230769230769e-05,4.5e-05,6e-06,6.6e-05,4.4833738440644254e-05,0.0001026923076923,3.5e-05,2.5e-05,8.7e-05,0.0002303393817158,0.0002657142857142,0.0002405,0.0002125,0.0002985,0.0001012897052794,0.000222,0.000222,0.0001815,0.0002625,0.0001145512985522
3b748a1fdbb41baaa95bc3f44a5e7cfa,1,2,5.165e-05,1.4e-05,-1.75e-06,4.175e-05,0.0001213621266683,0.0004219999999999,0.000325,0.000271,0.0005329999999999,0.0002105413656901,0.0002192307692307,0.000167,0.000153,0.000216,0.000120457567803,0.0006373333333333,0.0006659999999999,0.0003505,0.00094175,0.0003454357634447,7.511111111111111e-05,6.2e-05,4.4e-05,7.9e-05,0.0001032925994982,5.366666666666668e-05,3.3e-05,2.2e-05,5.2e-05,6.24039261585359e-05,0.000275,0.000287,0.0001735,0.00033,0.0001203744158864,0.00023875,0.0001554999999999,0.00015225,0.000242,0.0001742514944938
3b748a1fdbb41baaa95bc3f44a5e7cfa,2,1,4.483999999999999e-05,3.2e-05,-9e-06,6.9e-05,8.291445390682295e-05,0.000483,0.000416,0.000372,0.0004765,0.0002263214528055,0.0001831176470588,0.00019,0.000158,0.000208,4.353142880859354e-05,0.0003457142857142,0.000191,0.000188,0.000376,0.0002889231237346,6.98e-05,6.15e-05,3.05e-05,0.0001045,6.079802628375365e-05,8.557142857142856e-05,7.7e-05,4.425e-05,0.0001405,8.626320570985441e-05,0.0002890588235294,0.000254,0.000203,0.000324,0.0001261697619222,0.00018,0.00018,0.00018,0.00018,0.0
3b748a1fdbb41baaa95bc3f44a5e7cfa,2,2,8.296666666666665e-05,4.25e-05,1e-05,6.075e-05,0.000145746232774,0.00051375,0.0003974999999999,0.000324,0.0007182499999999,0.0002637389131048,0.0001684999999999,0.000168,0.0001515,0.0001864999999999,3.69587252001615e-05,0.0003028181818181,0.000237,0.000175,0.0003705,0.0002167190892292,0.0001267333333333,7.7e-05,5.45e-05,0.000185,0.0001191951980496,0.0001384375,7.400000000000001e-05,2.375e-05,0.00013425,0.0002077273754226,0.0002484444444444,0.0002504999999999,0.0002105,0.0002715,4.324787954301714e-05,0.0001502857142857,0.000142,0.000137,0.0001605,2.3844735867092945e-05
3b748a1fdbb41baaa95bc3f44a5e7cfa,3,1,6.375e-05,2.65e-05,1.125e-05,5.55e-05,0.0001550448041836,0.00066225,0.000739,0.0005695,0.00083175,0.0002881855594346,0.0001736666666666,0.00016,0.000145,0.0001945,3.578640337707419e-05,0.0004443333333333,0.000484,0.000353,0.0005555,0.0002053931190019,8.049999999999999e-05,5.5e-05,2.275e-05,0.00012775,0.0001046261743715,0.0001435,0.0001089999999999,1.925e-05,0.00015575,0.0001793950150605,0.000312,0.00027,0.000207,0.000303,0.0002013972028935,0.0001619999999999,0.0001619999999999,0.0001605,0.0001635,4.2426406871192925e-06
3b748a1fdbb41baaa95bc3f44a5e7cfa,3,2,0.00011485,4.65e-05,2.4e-05,8.125000000000001e-05,0.0002042656358764,0.0005313846153846,0.000369,0.000279,0.00081,0.0002964704983809,0.0001639999999999,0.00016,0.000143,0.0001725,3.199553540283841e-05,0.0003303636363636,0.000254,0.0002109999999999,0.000401,0.0001633360172939,9.733333333333336e-05,4.6e-05,3.95e-05,9.55e-05,0.0001522685028812,6.326666666666667e-05,2.9e-05,9e-06,9.95e-05,0.0001057094850904,0.0003040999999999,0.000279,0.0002385,0.0003444999999999,0.0001230523375551,0.0001642,0.000175,0.000169,0.000176,2.880451353520833e-05
44251858f1bd6a904ad5c26e55508fb4,1,1,0.0001863076923076,0.000119,8e-05,0.000152,0.0002334913933515,0.000466,0.00023,0.0002195,0.0005945,0.00042707961787,0.0001301428571428,0.000123,0.0001035,0.0001405,4.5736304221149354e-05,0.0002596363636363,0.000219,0.0001785,0.000283,0.0001310818620002,0.0001119999999999,0.000113,0.000101,0.000119,2.3916521486202795e-05,0.000179,0.00017,8.8e-05,0.00018,0.0001286244533516,0.00031225,0.0002015,0.00014775,0.000366,0.0002687084851656,0.0002212222222222,0.000177,0.000154,0.000301,8.678101430868646e-05
44251858f1bd6a904ad5c26e55508fb4,1,2,0.0001511904761904,0.000123,0.000101,0.000149,0.0001557756781553,0.000446909090909,0.000359,0.000276,0.000583,0.0002085864111323,0.0001296666666666,0.000132,0.00012,0.00014,1.235338255726182e-05,0.0004218333333333,0.000225,0.00021225,0.00065025,0.000348408620253,0.000145375,0.0001125,7.9e-05,0.00019925,8.789106487985162e-05,0.0001311428571428,0.000102,8.950000000000001e-05,0.000178,5.6221077220287445e-05,0.000168,0.00017,0.00012325,0.00021475,6.263651757029068e-05,0.0003145,0.0001925,0.00014975,0.0003064999999999,0.0002910768185302
44251858f1bd6a904ad5c26e55508fb4,2,1,0.0001728461538461,0.000111,8e-05,0.000152,0.0001772553930321,0.0003576,0.00025,0.000207,0.000548,0.0002040546495427,0.000145,0.000141,0.0001309999999999,0.00014575,2.237558192911788e-05,0.00035775,0.000307,0.00019525,0.000404,0.0002512796793867,0.0001126,0.000115,9.2e-05,0.000119,2.388095475478315e-05,0.0001270909090909,0.000111,8.549999999999999e-05,0.0001515,5.454256052928676e-05,0.0002306,0.00022,0.000191,0.000311,9.453200516227296e-05,0.0002091111111111,0.000169,0.000144,0.000172,0.0001556939662
44251858f1bd6a904ad5c26e55508fb4,2,2,0.0001159375,0.0001185,8.05e-05,0.000129,5.7673181231256295e-05,0.0003435,0.0003115,0.0003059999999999,0.000371,0.0002037731581931,0.0001652,0.000118,9.725e-05,0.000129,0.0001748038901168,0.0003045,0.000249,0.000206,0.00031,0.0001518239111602,0.0001028333333333,0.0001065,0.00010125,0.00011775,3.925005307852037e-05,0.0002081999999999,0.000111,0.00010025,0.00014,0.0002338764156082,0.0002311999999999,0.000169,0.000137,0.000242,0.0001449230830475,0.0001668571428571,0.00016,0.00013,0.0002185,0.0001032302096795
44251858f1bd6a904ad5c26e55508fb4,3,1,0.000162125,0.0001145,8.625e-05,0.00015075,0.0001839825625795,0.000325,0.0002749999999999,0.0002345,0.0003297499999999,0.0001743857792367,0.0001244285714285,0.00013,0.0001145,0.000132,1.2791366135759217e-05,0.0004256666666666,0.0003395,0.00015775,0.00060675,0.0002952097354065,0.0001178,8.7e-05,8.5e-05,0.000104,6.385687120427998e-05,0.0001243636363636,0.000126,0.0001005,0.000146,3.090072079182856e-05,0.000257,0.000156,0.00014525,0.00026775,0.0002210987712916,0.0001935555555555,0.000174,0.00017,0.000221,5.575193070896987e-05
44251858f1bd6a904ad5c26e55508fb4,3,2,0.000163,0.0001105,9.875e-05,0.000172,0.000133552369107,0.0004081428571428,0.000336,0.0002395,0.000571,0.0001977493603625,0.0001385,0.0001405,0.00012925,0.0001464999999999,1.881636403653893e-05,0.0003128461538461,0.000191,0.000159,0.000403,0.0002171316214318,0.0001055,0.0001085,0.00010275,0.000109,1.68255757702374e-05,0.00018,0.000157,0.0001185,0.0002195,9.752333054197852e-05,0.0001813333333333,0.000161,0.0001405,0.00018525,6.666833331250052e-05,0.000169,0.0001515,0.0001352499999999,0.00018525,5.793674711844519e-05
57334ce700310b2650adabca77bbdc39,1,1,0.0001640454545454,7.9e-05,6.225e-05,0.000203,0.000169550519869,0.000166625,8.25e-05,3.125e-05,0.00015675,0.0002394039846308,8.410000000000001e-05,2.55e-05,1.4e-05,6.95e-05,0.0001624065201208,6.085714285714286e-05,4.2e-05,1.25e-05,9.1e-05,7.497872714183352e-05,0.0001106249999999,3.5000000000000004e-05,1.6e-05,5.75e-05,0.0001828230018351,0.0002091538461538,5.1e-05,3.2e-05,0.000231,0.0003165122025435,0.0001387142857142,0.000113,6.8e-05,0.000165,0.0001085506245732,0.0001237777777777,6.85e-05,4.275e-05,0.0001,0.0001509727499975
57334ce700310b2650adabca77bbdc39,1,2,0.0001005625,5.95e-05,4.35e-05,0.000101,0.0001137787143244,0.0001204444444444,1.6e-05,-3e-05,0.000159,0.0001920254612747,3.557142857142858e-05,3.2e-05,2.3e-05,3.7000000000000005e-05,2.668243581370301e-05,7.71111111111111e-05,1.3e-05,9e-06,4e-05,0.0001455871254991,0.0001514,6.6e-05,2.05e-05,7.65e-05,0.0002664153041507,0.000187,3.6e-05,2.6e-05,7.45e-05,0.000334185876422,6.94e-05,4.1e-05,3.3e-05,8.8e-05,6.174382560224139e-05,0.000118,7.4e-05,5.175e-05,0.00011325,0.0001129643011456
57334ce700310b2650adabca77bbdc39,2,1,8.415384615384615e-05,6.5e-05,4.1e-05,9.5e-05,8.262248095388057e-05,5.918181818181819e-05,1.8e-05,-1.2e-05,9.75e-05,9.179413726575154e-05,5.166666666666666e-06,0.0,-8.5e-06,2.5e-05,2.250703593693907e-05,5.754545454545454e-05,3.7e-05,3.999999999999999e-06,8.950000000000001e-05,8.256435506483852e-05,4.399999999999999e-05,3.1e-05,2.2e-05,5.1500000000000005e-05,3.332866633995426e-05,5.2e-05,4e-05,3.1e-05,5.1e-05,3.424908757908742e-05,5.899999999999999e-05,6.4e-05,3.6e-05,7.4e-05,2.395829710142188e-05,0.0001278333333333,8.950000000000001e-05,6.025e-05,0.000158,0.0001080545886006
57334ce700310b2650adabca77bbdc39,2,2,8.955555555555556e-05,8.45e-05,5.525e-05,0.00011775,4.7916867007253826e-05,3.999999999999999e-06,-6e-06,-3.1e-05,1.5e-05,5.22446169475861e-05,1.5e-05,1.5e-05,-6.5e-06,2.75e-05,2.632760636941493e-05,2.5875e-05,2.7e-05,1.5e-05,4.025e-05,2.2216065615418303e-05,0.0001596923076923,5.6e-05,4.7e-05,9e-05,0.0002286410522395,0.0001024166666666,4.05e-05,3.475e-05,7.3e-05,0.0001971019387079,5.45e-05,5.3e-05,3.95e-05,7.324999999999999e-05,1.7864569884071015e-05,9.48e-05,6.8e-05,4.325e-05,8.7e-05,0.0001117007908059
57334ce700310b2650adabca77bbdc39,3,1,8.933333333333334e-05,6.4e-05,5e-05,9.1e-05,8.99123912218894e-05,6.04e-05,-5.999999999999999e-06,-2.075e-05,0.0001255,0.0001228958004887,5.777777777777778e-06,1e-05,-7e-06,1.5e-05,1.3320827468458722e-05,9.93e-05,4.3e-05,-1.35e-05,0.00012725,0.0001608588408097,6.657894736842106e-05,3.6e-05,2.2e-05,5.8e-05,8.32241389858827e-05,5.872727272727273e-05,4.8e-05,2.4e-05,7.7e-05,4.455578729882552e-05,0.0001258,7.9e-05,7.1e-05,8.9e-05,0.0001211990098969,0.00017075,4.55e-05,3.625e-05,0.00015425,0.000255678109064
57334ce700310b2650adabca77bbdc39,3,2,9.08888888888889e-05,7.4e-05,6.9e-05,0.000105,6.286780663512216e-05,0.00011075,4.6e-05,1.25e-06,9.1e-05,0.0002148306642118,5.03e-05,1.6e-05,6.75e-06,7.575e-05,7.94537601375794e-05,0.00018475,6.75e-05,4.025e-05,0.000234,0.0002453963266694,9.769230769230768e-05,3.9e-05,2.5e-05,7.7e-05,0.000159549043983,7.675000000000001e-05,3.4e-05,2.3e-05,5.175e-05,0.0001237044288386,6.5875e-05,6.9e-05,4.9e-05,7.45e-05,1.9179136730162952e-05,0.000122,4.75e-05,3.625e-05,9.225e-05,0.0002154230979052
80d5a8bd9e65bac069257b0071bab47f,1,1,7.450000000000001e-05,3.75e-05,1.5e-05,6.775e-05,0.0001206372502747,0.0002034736842105,0.000195,0.00016,0.00022,7.129311048298554e-05,0.0001375384615384,0.000136,0.00012,0.000151,1.874217785555432e-05,0.000234,0.00019,0.000155,0.000284,0.0001459126450997,7.046666666666667e-05,6e-05,4.25e-05,7.549999999999999e-05,5.161515096872051e-05,0.0001081428571428,4.1e-05,2e-05,7.75e-05,0.0001847894554814,7.400000000000001e-05,7.6e-05,7e-05,8.3e-05,1.1683321445547924e-05,0.0001598333333333,0.000158,0.00015525,0.000169,1.2967909109284607e-05
80d5a8bd9e65bac069257b0071bab47f,1,2,5.241666666666667e-05,4.45e-05,3.750000000000001e-06,7.2e-05,7.86405784548292e-05,0.0002638965517241,0.000205,0.00018,0.000285,0.0001436594049498,0.00015275,0.0001505,0.00014075,0.000161,1.5930358307002193e-05,0.0002,0.000161,0.000158,0.000252,7.018309388069655e-05,5.721052631578948e-05,5.5e-05,4.2e-05,6.749999999999999e-05,2.3759393340946746e-05,3.857142857142857e-05,5e-06,5e-07,7.75e-05,6.39136321996519e-05,0.00010425,8.05e-05,6e-05,0.00013175,5.9463674385531966e-05,0.00016475,0.0001605,0.00015125,0.0001745,2.745255647736395e-05
80d5a8bd9e65bac069257b0071bab47f,2,1,3.692307692307692e-05,1.45e-05,0.0,5.425e-05,8.47608037134727e-05,0.0002251153846153,0.00019,0.00016,0.00026,9.999853075843744e-05,0.0001416470588235,0.000144,0.000128,0.00016,2.1994150291812225e-05,0.0002916363636363,0.00014,0.0001089999999999,0.0004309999999999,0.0002916327391522,4.938888888888889e-05,4.2e-05,4e-05,6.324999999999999e-05,3.098602889897485e-05,1.7625e-05,3e-06,7.5e-07,3.55e-05,3.8818027844215445e-05,8.400000000000001e-05,5.9e-05,4.1e-05,6e-05,8.258631847951573e-05,0.0001525,0.000152,0.0001385,0.000164,1.663430190900718e-05
80d5a8bd9e65bac069257b0071bab47f,2,2,4.425e-05,3.55e-05,3.25e-06,6.2e-05,4.967218625102505e-05,0.0002937741935483,0.000229,0.0001795,0.0003354999999999,0.0001770475848799,0.0001434375,0.0001464999999999,0.0001345,0.00015025,1.3316499790360328e-05,0.0002112307692307,0.000151,0.00011,0.000235,0.0001726466303591,8.723529411764707e-05,5e-05,2.9e-05,7.5e-05,0.000154883234007,2.0857142857142857e-05,3e-05,5e-06,3.75e-05,2.104303979489474e-05,0.0001054,8e-05,7.6e-05,0.00013,5.279962121076248e-05,0.000160909090909,0.000163,0.000148,0.000173,1.5971565643070472e-05
80d5a8bd9e65bac069257b0071bab47f,3,1,0.00012975,5.5e-05,1.975e-05,8.575e-05,0.0002148007338515,0.00032675,0.000209,0.000185,0.00036825,0.0002223900314469,0.0001486,0.000145,0.0001355,0.000153,2.079422996891205e-05,0.0002061428571428,0.000224,0.000114,0.000268,0.0001026522098665,3.36875e-05,3.4e-05,2e-05,4.675e-05,2.030342746106348e-05,3.770000000000001e-05,3.7000000000000005e-05,1.5e-06,7.65e-05,4.8352984510897686e-05,0.0001595,0.0001365,0.000112,0.00022925,8.685102187078745e-05,0.00016875,0.000164,0.00015525,0.000175,2.166465192097817e-05
80d5a8bd9e65bac069257b0071bab47f,3,2,3.461111111111111e-05,2.95e-05,9.5e-06,6.075e-05,3.934932376859546e-05,0.0003139999999999,0.0002,0.0001755,0.0003295,0.0002279312097182,0.0001528125,0.000155,0.00015,0.00016,1.4171420770927195e-05,0.0001986923076923,0.000116,0.000109,0.000155,0.0002230098595037,5.21875e-05,5.55e-05,3.575e-05,6.925e-05,2.3364413823876112e-05,4.618181818181818e-05,4.6e-05,3.5000000000000004e-05,6e-05,2.8424701165775453e-05,0.0001621999999999,8.1e-05,4e-05,0.00029,0.0001542455834051,0.0001783,0.000152,0.00014,0.00017625,7.857770393410306e-05
84df5c67036cb0251e472e3bb5943ed7,1,1,0.0002242,0.000179,0.000114,0.0002594999999999,0.0001661648063133,0.00044725,0.000431,0.00027325,0.000605,0.0002517040259246,0.0002716363636363,0.00016,0.0001315,0.0004125,0.0001873180571793,0.0005403846153846,0.00057,0.000327,0.00076,0.0002830245980068,0.0001960588235294,0.00013,0.00012,0.000161,0.0001919265714369,0.0001842666666666,0.000124,0.000101,0.000194,0.0001615723927384,0.00020575,0.000194,0.000162,0.0002377499999999,7.12337700813315e-05,0.0003407142857142,0.000238,0.0001475,0.000492,0.0002714981364489
84df5c67036cb0251e472e3bb5943ed7,1,2,0.0002031111111111,0.000189,0.000101,0.000263,0.0001133682544238,0.0003632499999999,0.0003,0.00021,0.00045325,0.0002160977787946,0.0001317142857142,0.00014,0.0001205,0.0001465,2.376071187004776e-05,0.0004296666666666,0.000339,0.0002345,0.0005794999999999,0.0003538224601877,0.000191875,0.00017,0.000142,0.00019375,8.288794070481975e-05,0.0001926666666666,0.0001645,0.0001595,0.00020625,8.0181460866379e-05,0.0001402,0.000139,0.000131,0.000161,3.465833233148993e-05,0.0001997999999999,0.000205,0.00016,0.000219,4.4829677670043535e-05
84df5c67036cb0251e472e3bb5943ed7,2,1,0.000276,0.0001495,0.000115,0.000354,0.0002595128770087,0.0005467142857142,0.000633,0.0002905,0.0007615,0.0002714619152451,0.000139,0.000141,0.000137,0.000143,1.4133294025102568e-05,0.000422,0.000304,0.000223,0.000562,0.0003540677901193,0.0001822857142857,0.000117,9.9e-05,0.0001635,0.0001683148976231,0.0001091999999999,0.000119,0.000102,0.00013,3.5981939914351475e-05,0.000247,0.000178,0.0001545,0.0003214999999999,0.0001315674731839,0.0003215,0.00023,0.00017325,0.0003025,0.0002552949274858
84df5c67036cb0251e472e3bb5943ed7,2,2,0.0002130909090909,0.000139,0.0001005,0.0001645,0.0002321889121148,0.0005652,0.000532,0.000399,0.00068,0.0002966592321165,0.000133125,0.00014,0.000119,0.000142,1.8512061705045948e-05,0.0005538333333333,0.0005255,0.00045675,0.0006857499999999,0.0002534872120377,0.0001285454545454,0.000111,8.950000000000001e-05,0.00014,6.915976234251189e-05,0.0001995384615384,0.000121,9.6e-05,0.000151,0.0002416031923715,0.000207125,0.0001605,0.00011325,0.00031275,0.0001274524421107,0.0001965,0.0001695,0.000144,0.00026325,7.61051903617618e-05
84df5c67036cb0251e472e3bb5943ed7,3,1,0.00020425,0.000178,0.00011025,0.00025775,0.0001413604814447,0.0004115,0.0004115,0.00041125,0.00041175,7.071067811865264e-07,0.0001384,0.000128,0.00012,0.00015675,2.2539841269282365e-05,0.000664,0.0007215,0.0004755,0.000936,0.0003279603634587,0.0001727272727272,0.000145,0.0001195,0.000204,8.867704427763805e-05,0.000174909090909,0.000141,0.0001115,0.000185,0.0001186013950554,0.0001192,0.000121,8.1e-05,0.000153,3.7844418346699424e-05,0.00027175,0.0002235,0.00017875,0.000244,0.0001859022400541
84df5c67036cb0251e472e3bb5943ed7,3,2,0.0003608,0.000318,0.000105,0.00042,0.000333431702152,0.0003656666666666,0.00027,0.0002379999999999,0.0004455,0.000223428586652,0.0001405,0.0001415,0.000138,0.000142,1.30958008537088e-05,0.000517125,0.000525,0.0002575,0.00077075,0.0003167659963262,0.0002555454545454,0.000121,9.25e-05,0.0001799999999999,0.000306336535084,0.000187,0.000161,0.000102,0.000169,0.0001237406562129,0.00018,0.000182,0.0001605,0.0002005,4.0037482438335215e-05,0.0002565714285714,0.000216,0.000155,0.0003199999999999,0.0001292308749781
8b51150f8620aa5da990ec45e86ae9c1,1,1,0.0001004902609868,6.461666666666666e-05,3.282083333333333e-05,0.0001164479166666,0.0001250641195581,0.0002716328019585,0.000202425,0.0001327041666666,0.0003469708333333,0.0002143607789553,8.792909526853384e-05,6.819583333333334e-05,4.888124999999999e-05,9.989375e-05,8.162821337534548e-05,0.0002561209520252,0.0001909133333333,0.0001165870833333,0.0003421704166666,0.0002132185388413,9.240071893028444e-05,6.176041666666666e-05,3.338020833333333e-05,0.0001022333333333,0.0001087403136106,8.832635593021817e-05,6.17e-05,3.686041666666667e-05,9.962083333333333e-05,9.681267002763053e-05,0.0001248696033496,0.0001015166666666,6.853749999999999e-05,0.0001500604166666,9.630081056729034e-05,0.0001318157653182,0.0001006916666666,7.193541666666667e-05,0.0001511770833333,0.0001074576906118
8b51150f8620aa5da990ec45e86ae9c1,1,2,0.0001004902609868,6.461666666666666e-05,3.282083333333333e-05,0.0001164479166666,0.0001250641195581,0.0002716328019585,0.000202425,0.0001327041666666,0.0003469708333333,0.0002143607789553,8.792909526853384e-05,6.819583333333334e-05,4.888124999999999e-05,9.989375e-05,8.162821337534548e-05,0.0002561209520252,0.0001909133333333,0.0001165870833333,0.0003421704166666,0.0002132185388413,9.240071893028444e-05,6.176041666666666e-05,3.338020833333333e-05,0.0001022333333333,0.0001087403136106,8.832635593021817e-05,6.17e-05,3.686041666666667e-05,9.962083333333333e-05,9.681267002763053e-05,0.0001248696033496,0.0001015166666666,6.853749999999999e-05,0.0001500604166666,9.630081056729034e-05,0.0001318157653182,0.0001006916666666,7.193541666666667e-05,0.0001511770833333,0.0001074576906118
8b51150f8620aa5da990ec45e86ae9c1,2,1,0.0001004902609868,6.461666666666666e-05,3.282083333333333e-05,0.0001164479166666,0.0001250641195581,0.0002716328019585,0.000202425,0.0001327041666666,0.0003469708333333,0.0002143607789553,8.792909526853384e-05,6.819583333333334e-05,4.888124999999999e-05,9.989375e-05,8.162821337534548e-05,0.0002561209520252,0.0001909133333333,0.0001165870833333,0.0003421704166666,0.0002132185388413,9.240071893028444e-05,6.176041666666666e-05,3.338020833333333e-05,0.0001022333333333,0.0001087403136106,8.832635593021817e-05,6.17e-05,3.686041666666667e-05,9.962083333333333e-05,9.681267002763053e-05,0.0001248696033496,0.0001015166666666,6.853749999999999e-05,0.0001500604166666,9.630081056729034e-05,0.0001318157653182,0.0001006916666666,7.193541666666667e-05,0.0001511770833333,0.0001074576906118
8b51150f8620aa5da990ec45e86ae9c1,2,2,0.0001004902609868,6.461666666666666e-05,3.282083333333333e-05,0.0001164479166666,0.0001250641195581,0.0002716328019585,0.000202425,0.0001327041666666,0.0003469708333333,0.0002143607789553,8.792909526853384e-05,6.819583333333334e-05,4.888124999999999e-05,9.989375e-05,8.162821337534548e-05,0.0002561209520252,0.0001909133333333,0.0001165870833333,0.0003421704166666,0.0002132185388413,9.240071893028444e-05,6.176041666666666e-05,3.338020833333333e-05,0.0001022333333333,0.0001087403136106,8.832635593021817e-05,6.17e-05,3.686041666666667e-05,9.962083333333333e-05,9.681267002763053e-05,0.0001248696033496,0.0001015166666666,6.853749999999999e-05,0.0001500604166666,9.630081056729034e-05,0.0001318157653182,0.0001006916666666,7.193541666666667e-05,0.0001511770833333,0.0001074576906118
8b51150f8620aa5da990ec45e86ae9c1,3,1,0.0001004902609868,6.461666666666666e-05,3.282083333333333e-05,0.0001164479166666,0.0001250641195581,0.0002716328019585,0.000202425,0.0001327041666666,0.0003469708333333,0.0002143607789553,8.792909526853384e-05,6.819583333333334e-05,4.888124999999999e-05,9.989375e-05,8.162821337534548e-05,0.0002561209520252,0.0001909133333333,0.0001165870833333,0.0003421704166666,0.0002132185388413,9.240071893028444e-05,6.176041666666666e-05,3.338020833333333e-05,0.0001022333333333,0.0001087403136106,8.832635593021817e-05,6.17e-05,3.686041666666667e-05,9.962083333333333e-05,9.681267002763053e-05,0.0001248696033496,0.0001015166666666,6.853749999999999e-05,0.0001500604166666,9.630081056729034e-05,0.0001318157653182,0.0001006916666666,7.193541666666667e-05,0.0001511770833333,0.0001074576906118
8b51150f8620aa5da990ec45e86ae9c1,3,2,0.0001004902609868,6.461666666666666e-05,3.282083333333333e-05,0.0001164479166666,0.0001250641195581,0.0002716328019585,0.000202425,0.0001327041666666,0.0003469708333333,0.0002143607789553,8.792909526853384e-05,6.819583333333334e-05,4.888124999999999e-05,9.989375e-05,8.162821337534548e-05,0.0002561209520252,0.0001909133333333,0.0001165870833333,0.0003421704166666,0.0002132185388413,9.240071893028444e-05,6.176041666666666e-05,3.338020833333333e-05,0.0001022333333333,0.0001087403136106,8.832635593021817e-05,6.17e-05,3.686041666666667e-05,9.962083333333333e-05,9.681267002763053e-05,0.0001248696033496,0.0001015166666666,6.853749999999999e-05,0.0001500604166666,9.630081056729034e-05,0.0001318157653182,0.0001006916666666,7.193541666666667e-05,0.0001511770833333,0.0001074576906118
8d46f2f2b4385ddb9822fa37d9b3bd71,1,1,5.58e-05,5.4e-05,3.175e-05,8.9e-05,3.6184097182172294e-05,0.00050775,0.0004185,0.00025025,0.000676,0.0003619321989912,0.000129125,0.000124,8.7e-05,0.00013575,0.0001219009404627,9.01818181818182e-05,4.1e-05,2.35e-05,0.0001155,0.0001246625991882,0.0001154615384615,7e-05,5.5e-05,0.000144,0.0001175355374518,4.2444444444444445e-05,4.7e-05,1e-05,7.1e-05,4.2166666666666664e-05,3.625e-05,4.0999999999999994e-05,2.8249999999999995e-05,4.9e-05,2.0548722588034516e-05,0.0001010666666666,0.000118,6.35e-05,0.0001385,4.721299256207624e-05
8d46f2f2b4385ddb9822fa37d9b3bd71,1,2,6.811111111111111e-05,2.5e-05,-4.5e-06,8.25e-05,0.0001525711267506,0.0002172222222222,0.000149,0.000123,0.000166,0.0001949998575498,0.0001298333333333,0.000134,0.00012575,0.0001574999999999,5.0500145602585674e-05,8.142857142857145e-05,4.1e-05,2.6e-05,7.500000000000001e-05,0.0001003840245305,5.3333333333333326e-05,3.25e-05,-1.05e-05,0.000104,9.129439559286575e-05,5.1846153846153845e-05,4.2e-05,1e-05,8.8e-05,5.852612828735293e-05,0.0001029411764705,4.9e-05,8e-06,6.4e-05,0.0001646255108527,0.0002128333333333,0.000132,0.0001022499999999,0.0001639999999999,0.0002419143787927
8d46f2f2b4385ddb9822fa37d9b3bd71,2,1,5e-05,4.1e-05,3.4e-05,6.9e-05,4.791137651956995e-05,0.0003202,0.000129,0.000114,0.000655,0.0003403082426271,0.0001117272727272,0.000123,0.000115,0.000129,3.5250789804175765e-05,3.233333333333333e-05,5.3e-05,-6.7500000000000014e-06,6.1000000000000005e-05,4.531077870293852e-05,5.225e-05,5.9e-05,2.125e-05,9e-05,6.367822757164859e-05,0.0001346428571428,8.7e-05,7.35e-05,0.000103,0.000191980610857,0.0001606363636363,6.1e-05,4.4e-05,0.000187,0.0002096565156284,0.0001503333333333,0.000138,0.000115,0.000154,9.802933234496704e-05
8d46f2f2b4385ddb9822fa37d9b3bd71,2,2,3.373684210526316e-05,2.6e-05,-4.5e-06,7.25e-05,5.099764929796401e-05,0.000393,0.000393,0.0002585,0.0005275,0.0003804234482783,0.00014375,0.0001215,0.0001145,0.0001329999999999,0.0001327561845845,-8.2e-06,0.0,-3.2e-05,0.0,4.688496560732449e-05,0.0001271428571428,7.3e-05,6.2e-05,0.0001284999999999,0.0001316477985275,9.566666666666666e-05,7.3e-05,4.3e-05,0.00011175,0.0001043389000354,5.027272727272727e-05,4.6e-05,1.2e-05,5.4999999999999995e-05,5.757098385313718e-05,0.000101909090909,9.9e-05,5.85e-05,0.000159,6.328578757581285e-05
8d46f2f2b4385ddb9822fa37d9b3bd71,3,1,3.19e-05,2.25e-05,2e-06,4.125e-05,5.389382566161402e-05,0.0002366,0.0001715,0.000129,0.00021825,0.0002342131982238,0.000165,0.000136,0.00012375,0.0001415,0.0001728200486944,7.266666666666667e-05,4.8e-05,-1.525e-05,0.0001405,0.0001068488028321,0.0001512,9.7e-05,1.7e-05,0.000152,0.0002071670823272,4.825e-05,5.1500000000000005e-05,1.4e-05,8.750000000000001e-05,4.1129783501850474e-05,5.670000000000001e-05,2.45e-05,7.25e-06,5.275e-05,9.921922976699405e-05,0.0001102727272727,0.000119,7.65e-05,0.0001465,4.469248462345971e-05
8d46f2f2b4385ddb9822fa37d9b3bd71,3,2,7.835714285714285e-05,4.25e-05,3.2e-05,6.175e-05,0.0001382654120733,0.0004313333333333,0.000472,0.0003065,0.0005765,0.000272287225799,0.000114909090909,0.000124,0.0001154999999999,0.0001329999999999,4.0188193652998506e-05,0.0001632,5.8e-05,2.8e-05,0.000111,0.0002533193636499,0.00014,9.9e-05,6e-05,0.0001605,0.0001491565173455,3.518181818181818e-05,3.9e-05,2.5e-05,4.85e-05,2.6869381019361732e-05,2.0222222222222225e-05,1.5e-05,0.0,2.9e-05,2.4575281167149328e-05,8.963636363636365e-05,9.7e-05,7.45e-05,0.000111,4.354600493104442e-05
95fd030c8a8a3be5d8da084097b89e31,1,1,0.0001610454545454,0.0001305,0.0001105,0.00020775,7.553710994176953e-05,0.0003961999999999,0.000348,0.000295,0.000367,0.0001748190493052,0.0001376666666666,0.000138,0.00013,0.00014,1.556438241627338e-05,0.0003841428571428,0.0002515,0.00019125,0.000634,0.0002740229797053,0.00012575,0.000117,0.000107,0.00012875,3.171187249505864e-05,0.0001084285714285,0.000106,9.325e-05,0.0001155,2.77120198461975e-05,6.3e-05,6.3e-05,6.3e-05,6.3e-05,0.0,0.0002034,0.000186,0.000145,0.0002695,8.009605344695692e-05
95fd030c8a8a3be5d8da084097b89e31,1,2,0.0002185714285714,0.0001235,9.6e-05,0.0001965,0.0002139905512959,0.0003143333333333,0.0002755,0.0002415,0.00030875,0.0002558543856701,0.000135,0.0001215,0.000117,0.00012625,5.478268756772395e-05,0.0003780999999999,0.0002255,0.00012275,0.0006115,0.0003090542742698,0.0001282857142857,0.000132,0.0001209999999999,0.0001355,1.5797829869049372e-05,0.0001688999999999,0.0001515,9.825e-05,0.0002367499999999,8.874989827850196e-05,0.0002065,0.0002065,0.00016125,0.00025175,0.0001279863273947,0.0002105714285714,0.00021,0.000145,0.000242,9.374585705131568e-05
95fd030c8a8a3be5d8da084097b89e31,2,1,0.0001340499999999,0.000128,0.00011075,0.0001515,3.2105869278143884e-05,0.0003329999999999,0.0003019999999999,0.000258,0.00041275,0.0001055821954687,0.0001285555555555,0.00013,0.000111,0.000137,2.219859855436324e-05,0.0004344117647058,0.000279,0.000143,0.00078,0.0003143956621089,0.0001392,0.0001394999999999,0.0001155,0.00015325,3.2597886775406496e-05,0.0001685833333333,0.0001355,9.6e-05,0.00018075,0.0001283336973627,0.0003345,0.0003345,0.00032175,0.00034725,3.606244584051396e-05,0.0002678,0.000175,0.0001465,0.0002225,0.0002613961659159
95fd030c8a8a3be5d8da084097b89e31,2,2,0.000148294117647,0.00013,9.6e-05,0.000184,8.315254408757013e-05,0.000381,0.0002505,0.00022775,0.00040375,0.0003020938044162,0.000126909090909,0.00013,0.000123,0.0001385,1.6220077345404648e-05,0.0002723333333333,0.000196,0.000168,0.000312,0.0002175296566336,0.0001472727272727,0.000109,8.45e-05,0.000121,0.0001228512034203,0.000140909090909,0.000106,8.999999999999999e-05,0.0001215,0.0001279511270332,0.00018,0.00018,0.00018,0.00018,0.0,0.0001844999999999,0.000186,0.00012875,0.000217,7.135194461260323e-05
95fd030c8a8a3be5d8da084097b89e31,3,1,0.0001527,0.000136,0.00010875,0.000164,7.697579934116e-05,0.0003023333333333,0.00028,0.0002219999999999,0.0003715,0.0001507459231068,0.0001281111111111,0.000132,0.000118,0.000138,1.7709068612185994e-05,0.0003533999999999,0.0002165,0.0001419999999999,0.0005549999999999,0.0002674805081164,0.0001217777777777,0.000121,0.000107,0.000139,2.536620674134082e-05,0.0001968666666666,0.000149,0.0001255,0.0001815,0.0001810934512765,0.000113,0.000113,0.000113,0.000113,0.0,0.0003235,0.0002415,0.0001605,0.000434,0.0002221235177617
95fd030c8a8a3be5d8da084097b89e31,3,2,0.0001504736842105,0.000142,0.0001005,0.000171,8.812451318765627e-05,0.0004441999999999,0.00054,0.000272,0.00055,0.0001689532479711,0.0001409999999999,0.000143,0.000139,0.000147,1.2369316876852982e-05,0.0003151999999999,0.000172,0.0001305,0.0004632499999999,0.0002903659759682,0.0001016666666666,0.0001025,7.65e-05,0.00011875,2.900804486115303e-05,0.0001470833333333,0.000145,0.0001185,0.00017975,4.828976615341511e-05,0.000222,0.000222,0.000222,0.000222,0.0,0.000224,0.00016,0.000122,0.000213,0.0001678228232392
9e63a1c1f3ccd5fc9bd3bc6bc58b261f,1,1,8.384615384615386e-06,7e-06,-2.2e-05,1.975e-05,4.27953987461988e-05,0.0002041999999999,0.000103,6.9e-05,0.000252,0.0002059959546528,2.8833333333333337e-05,-1.5e-05,-4.7e-05,7.75e-06,0.0001893245859643,0.000281375,0.0001315,3.2250000000000005e-05,0.000369,0.0003561261714617,7.06923076923077e-05,1.9e-05,-1.8e-05,5.6e-05,0.0001853174684226,6.142857142857142e-05,9e-06,-2e-05,3.85e-05,0.0001804252912268,5.739130434782609e-06,-1.8e-05,-3.7000000000000005e-05,1.3e-05,9.812478946882076e-05,5.89e-05,5e-06,-2.6e-05,1.325e-05,0.0001809041796704
9e63a1c1f3ccd5fc9bd3bc6bc58b261f,1,2,-6.923076923076923e-06,-3e-06,-4.05e-05,1.5e-05,4.8715437452144946e-05,0.0002430869565217,0.000138,7.950000000000001e-05,0.000309,0.0002483000225247,2.06551724137931e-05,-3e-05,-5.6e-05,5e-05,0.0001418458106189,0.0001685625,0.000113,5.925e-05,0.0002195,0.0001851042836709,8.3125e-06,1.5e-06,-7.499999999999999e-06,1.6e-05,6.577306312871049e-05,-1.78e-05,-8e-06,-3.4750000000000004e-05,7.5e-07,4.066885240027748e-05,-2.4e-05,-3.95e-05,-6.625e-05,-1.025e-05,7.07712613182175e-05,1.342857142857143e-05,-1e-06,-8e-06,1e-05,4.92167218969906e-05
9e63a1c1f3ccd5fc9bd3bc6bc58b261f,2,1,0.0001018461538461,1.35e-05,-7.5e-07,6.974999999999999e-05,0.000200024137005,0.0002753125,0.0001495,5.9e-05,0.00050875,0.0002943967207131,7.439999999999999e-05,1e-06,-1.475e-05,5.7e-05,0.0001714966318527,0.000112,4.1e-05,6.75e-06,0.00015525,0.0001530359434904,2.262499999999999e-05,3.5e-06,-4.05e-05,3.325e-05,0.0001097021128849,3.6500000000000006e-05,-5.1e-05,-6.75e-05,0.00011175,0.0001698385788245,3.937499999999999e-06,-1.85e-05,-4.85e-05,1.85e-05,9.374822220536592e-05,8.858333333333332e-05,5e-06,-5e-06,0.00010725,0.0002307452189333
9e63a1c1f3ccd5fc9bd3bc6bc58b261f,2,2,-1.5272727272727273e-05,-8.5e-06,-3.4e-05,-2.25e-06,3.1405461790953345e-05,0.00020155,0.0001325,3.4e-05,0.00026725,0.0002244826742816,7.626923076923076e-05,1.2e-05,-1.875e-05,5.9999999999999995e-05,0.0002076293924649,0.0001713076923076,7.4e-05,9e-06,0.000243,0.0002316172793695,8.875e-06,4.5e-06,-4.25e-06,2.0750000000000003e-05,3.2046562106677574e-05,8.000000000000005e-07,-2.1e-05,-4.7e-05,-6e-06,7.403512679802743e-05,1.795238095238095e-05,-1.1e-05,-5.2e-05,3.3e-05,0.0001634590089871,2.266666666666667e-05,-2e-06,-2e-06,3.5000000000000004e-05,4.2723919920032305e-05
9e63a1c1f3ccd5fc9bd3bc6bc58b261f,3,1,2.5185185185185187e-05,-2e-06,-1.95e-05,1.3e-05,0.0001145969650011,0.0001585238095238,9.1e-05,5.6e-05,0.000205,0.0001797686343741,1.6599999999999997e-05,-3e-06,-3.4e-05,1.5e-05,0.0001087811258138,0.0002479375,0.0001995,5.85e-05,0.0002602499999999,0.0002552328267157,0.0001192222222222,0.000149,1.3e-05,0.000208,0.0001098803642351,6.65e-05,-7.499999999999999e-06,-1.7500000000000002e-05,0.0001645,0.0001258137512357,6.790476190476192e-05,-2e-06,-4.5e-05,6.7e-05,0.0002378177673686,0.0002068181818181,0.00011,5.5e-06,0.0002405,0.0002791611785982
9e63a1c1f3ccd5fc9bd3bc6bc58b261f,3,2,5.455172413793102e-05,6e-06,-1.2e-05,7.1e-05,0.0001563166626267,0.0001557058823529,6.9e-05,1.7e-05,0.000119,0.0002029053858039,-1.2307692307692308e-05,-9e-06,-2.625e-05,-2e-06,4.6914193358316824e-05,0.0002464166666666,8.75e-05,9.75e-06,0.00031075,0.000358290501316,2.391666666666667e-05,1.7e-05,-5e-06,4.95e-05,6.823150209974774e-05,3.428571428571427e-06,-2e-06,-2.4e-05,0.0,5.358748965588002e-05,-2.6047619047619047e-05,-6.1e-05,-7.1e-05,-1.3e-05,0.0001493932649721,5.533333333333332e-05,3.1e-05,2.0000000000000003e-06,0.00012675,9.642544615746752e-05
acc53f18cc2c6d28c1f83a71798f2ceb,1,1,0.0001681739130434,0.000109,9.6e-05,0.0001815,0.0001805709762679,0.0004741,0.000364,0.000293,0.000612,0.0002435060802343,0.0001563571428571,0.000132,0.0001215,0.0001397499999999,0.0001008308615323,0.0004734285714285,0.00021,0.000141,0.0008605,0.000402928801462,0.000107,0.000108,9.15e-05,0.0001145,2.8786570943178815e-05,0.0002016249999999,0.00013,7.975e-05,0.00016475,0.0002581256269449,0.0002298333333333,0.000186,9.725e-05,0.00032125,0.0001798948767104,0.0004283333333333,0.000379,0.00021925,0.00066025,0.0002603448994443
acc53f18cc2c6d28c1f83a71798f2ceb,1,2,0.0001873999999999,0.0001599999999999,9.475e-05,0.0002205,0.0001249022354525,0.0004314999999999,0.0004179999999999,0.0003599999999999,0.0004895,0.0001593685456209,0.0001926,0.000134,0.00012175,0.00015675,0.0001858142441615,0.000319,0.000211,0.000185,0.00031,0.0002607063482157,0.0001961111111111,0.000109,7.4e-05,0.000139,0.0002536870337859,0.0002316666666666,0.0001455,0.0001155,0.00031225,0.0001663464803208,0.0001686,0.00014,0.000138,0.000171,6.108436788573654e-05,0.0001858888888888,0.000188,0.000156,0.000209,4.5870590917396205e-05
acc53f18cc2c6d28c1f83a71798f2ceb,2,1,0.0001963846153846,0.000129,9.7e-05,0.000176,0.0002447858038032,0.0004454285714285,0.000357,0.000256,0.000543,0.0002997570444781,0.0001765,0.000126,0.00011975,0.000144,0.0001352521454807,0.0003350999999999,0.0002179999999999,0.000157,0.0004305,0.0002706734194559,8.416666666666668e-05,8.6e-05,7.025e-05,0.0001055,2.471773991825844e-05,0.000114,0.0001095,9.825e-05,0.000134,2.5828494170414025e-05,0.0002513333333333,0.000227,0.0001864999999999,0.000304,0.0001193747600346,0.00029675,0.0001705,0.00015975,0.0003,0.0002594889207654
acc53f18cc2c6d28c1f83a71798f2ceb,2,2,0.0001252,0.0001135,9.85e-05,0.00013475,5.5118628048008744e-05,0.0006075999999999,0.000693,0.000541,0.000743,0.0001985139793566,0.00019275,0.0001365,0.0001235,0.0001542499999999,0.0001609540750826,0.0004912222222222,0.00052,0.000158,0.00079,0.0003165781016502,0.0001722,0.000111,0.000101,0.000158,0.0001299065048409,0.000135,0.000134,0.00011025,0.000158,4.092540639857947e-05,0.0004276666666666,0.000251,0.0001805,0.0005865,0.0004338713326936,0.000178,0.000168,0.000166,0.000212,3.6551333764994134e-05
acc53f18cc2c6d28c1f83a71798f2ceb,3,1,0.0002002272727272,0.00012,8.875e-05,0.000186,0.0002076595042298,0.0004001666666666,0.000329,0.00026775,0.000403,0.000219555384053,0.0001381428571428,0.00014,0.0001355,0.000148,1.9038807485664393e-05,0.000451875,0.000391,0.00017125,0.00066025,0.000330441884884,0.000234,0.000107,9.9e-05,0.000206,0.0002488553796886,0.0001085,9.1e-05,8.925e-05,0.00010725,6.381265983764942e-05,0.0002594,0.000217,0.000182,0.000217,0.0001662236445274,0.0002905,0.0002545,0.0001525,0.0003925,0.0002017167981767
acc53f18cc2c6d28c1f83a71798f2ceb,3,2,0.0001653888888888,0.0001405,8.475e-05,0.00019075,0.000128661497915,0.0002994999999999,0.000273,0.000211,0.0003615,0.0001654196683186,0.0001215,0.0001255,0.00011025,0.00013925,2.448906461493141e-05,0.0003951666666666,0.0001935,0.000163,0.00058175,0.0003525413794754,0.0001088571428571,8.9e-05,8.549999999999999e-05,0.000118,3.7342685903349135e-05,0.0002431666666666,0.0001615,0.0001274999999999,0.00022425,0.0002398661874437,0.00035325,0.0002895,0.000185,0.00045775,0.0002488203836773,0.0002418571428571,0.000178,0.000144,0.00025,0.0001750413556576
b44b02731b8c4f09aba75188a01fd0e4,1,1,0.000106,5.4999999999999995e-05,1.975e-05,0.000137,0.0001597273412081,0.0003582857142857,0.000296,0.000128,0.0005465,0.0002746717521489,0.0001195454545454,0.000114,0.0001085,0.00013,2.639455866789076e-05,0.0003518333333333,0.0003135,0.000189,0.00048575,0.0002332758154215,5.98e-05,4.6e-05,1.6e-05,7.4e-05,6.366474691695554e-05,7.45e-05,7e-05,3.4750000000000004e-05,8.325e-05,6.308239761525309e-05,0.000142,0.0001455,0.000106,0.00017975,5.649188732316644e-05,0.0001034,0.000102,8.5e-05,0.000113,2.094012628636439e-05
b44b02731b8c4f09aba75188a01fd0e4,1,2,0.0001363529411764,8.4e-05,8.2e-05,0.000106,0.0001775876337109,0.0001885,0.000119,8.450000000000001e-05,0.00015725,0.0001946111507596,0.0001210999999999,0.0001255,0.00011575,0.00013,1.1957796155182143e-05,0.0004485,0.0004095,0.00028,0.00063375,0.0002555146067952,8.18e-05,8.6e-05,8.3e-05,0.000111,3.990864567985238e-05,8.445454545454545e-05,6.5e-05,4.65e-05,9.65e-05,5.48458998218894e-05,0.000128375,0.000153,0.000106,0.0001655,6.874162286624977e-05,9.964285714285716e-05,8.25e-05,5.075e-05,0.000106,9.020455995881049e-05
b44b02731b8c4f09aba75188a01fd0e4,2,1,0.0001611764705882,3.1e-05,1.1e-05,0.000161,0.0002672323977585,0.0001708333333333,8.300000000000001e-05,7.05e-05,0.00012025,0.0002168846851823,0.0001145454545454,0.000125,0.0001085,0.0001395,4.0465698156249914e-05,0.0002814444444444,0.000208,0.000137,0.000302,0.0002633040595543,2.3000000000000003e-05,2.35e-05,-5.25e-06,5.175e-05,4.03732584763727e-05,8.144444444444445e-05,8.1e-05,7e-05,0.000113,5.303798429218231e-05,0.0001721249999999,0.0002115,4.7e-05,0.00024325,0.0001273403061541,0.0001086666666666,9.75e-05,8.925e-05,0.00010625,5.134081015993795e-05
b44b02731b8c4f09aba75188a01fd0e4,2,2,3.969999999999999e-05,3.2000000000000005e-05,1.6e-05,6.225e-05,2.733438166581844e-05,0.000227,0.000144,0.000116,0.0003275,0.0001797544621606,0.0001081,0.000119,9.85e-05,0.000129,3.838822157323201e-05,0.0004308888888888,0.000363,0.000191,0.000581,0.0002846372447715,0.0001148,8.1e-05,4.7e-05,0.000161,0.0001338962284756,5.333333333333333e-05,6.2e-05,3.1e-05,8.1e-05,3.4383862493908385e-05,7.8375e-05,7e-05,3.2e-05,0.00010525,8.010160957897699e-05,8.408333333333331e-05,8.649999999999999e-05,7.425e-05,0.00010875,3.024884170083913e-05
b44b02731b8c4f09aba75188a01fd0e4,3,1,7.604545454545456e-05,8.3e-05,3.275e-05,0.00011175,4.494703472684189e-05,0.0002157499999999,0.0001439999999999,0.0001252499999999,0.0002344999999999,0.0001645668557152,0.0001132,0.0001135,0.00010075,0.0001305,2.1269696753832672e-05,0.0002646666666666,0.000185,0.000176,0.000254,0.0001766536158701,0.00021625,7.2e-05,3.925e-05,0.000249,0.0003275376568681,8.79e-05,0.000107,5.075e-05,0.000118,4.125382137181691e-05,0.0001582,0.0001725,0.0001374999999999,0.00019275,5.239974554645598e-05,0.000105,0.000107,8.6e-05,0.000121,2.535350074447314e-05
b44b02731b8c4f09aba75188a01fd0e4,3,2,5.488e-05,3.1e-05,1e-05,5.3e-05,0.0001013530627723,0.0001848888888888,0.000144,0.000112,0.000145,0.0001728702146441,0.0001099285714285,0.000113,0.000103,0.00012175,2.489196436824322e-05,0.000451,0.000411,0.000173,0.00064525,0.0003419052500328,6.08e-05,6.6e-05,3.2e-05,9.4e-05,4.54884600750564e-05,3.4699999999999996e-05,3.85e-05,7.75e-06,5.825e-05,4.1287743675063885e-05,6.390909090909091e-05,6.2e-05,3.15e-05,8.7e-05,4.634102835599259e-05,8.628571428571428e-05,7.8e-05,6.3e-05,0.000108,3.0225889492360613e-05
d663d20c8cd195e564ccf48d082c5755,1,1,0.00012995,4.8e-05,2.85e-05,8.450000000000001e-05,0.000233537887155,0.0003437777777777,0.000227,6.5e-05,0.000528,0.000318128817375,5.823529411764706e-05,-1.6e-05,-4.8e-05,4.8e-05,0.0002276259347624,0.0003174615384615,0.000255,4.8e-05,0.000464,0.0003364859123808,4.500000000000001e-05,3.2500000000000004e-05,7.5e-07,5.3750000000000005e-05,6.150388014367282e-05,7.557142857142857e-05,4.75e-05,2.075e-05,7.625000000000001e-05,0.0001360416872114,6.4375e-05,4.0499999999999995e-05,1.15e-05,8.475e-05,9.152039845484356e-05,3.258333333333334e-05,1.6e-05,1.2e-05,5.75e-05,3.518124069685003e-05
d663d20c8cd195e564ccf48d082c5755,1,2,3.9421052631578946e-05,3.3e-05,1.6e-05,7.199999999999999e-05,3.387118701701375e-05,0.0002207999999999,0.0002165,6.8e-05,0.0003365,0.000152232862564,-2.3812500000000003e-05,-4.7e-05,-5.175e-05,0.0,4.832558845994532e-05,0.0002749166666666,0.000168,3.275e-05,0.00036475,0.0003105000243985,1.1533333333333332e-05,1.4e-05,-3.2e-05,3.2000000000000005e-05,4.671932403294421e-05,2.833333333333333e-05,3.2e-05,4.749999999999999e-06,6.025e-05,4.496142137171273e-05,6.046666666666666e-05,4.8e-05,2.4e-05,6.35e-05,9.04764110273001e-05,7.899999999999999e-06,0.0,-1.275e-05,1.225e-05,3.204320000665768e-05
d663d20c8cd195e564ccf48d082c5755,2,1,4.5217391304347815e-05,4.8e-05,2.4e-05,4.9e-05,4.788903511028872e-05,0.000178,0.000113,4.8e-05,0.000176,0.000195805388077,-1.6e-05,-1.65e-05,-4.95e-05,0.0,5.112038847316263e-05,0.0002183571428571,0.0001045,6.4e-05,0.000296,0.0002625333992357,3.2875e-05,2.35e-05,1.125e-05,5.3e-05,4.409365033652805e-05,9.686666666666666e-05,6.5e-05,4e-05,0.000111,8.871130276405165e-05,6.500000000000001e-05,4.8e-05,0.0,4.875e-05,0.0001322929014146,5.8055555555555565e-05,4.0499999999999995e-05,2.5e-07,7.525e-05,9.77171622124265e-05
d663d20c8cd195e564ccf48d082c5755,2,2,4.02962962962963e-05,4.8e-05,1e-06,6.4e-05,3.9065836752072795e-05,0.0001959166666666,0.0001275,6.4e-05,0.000192,0.0002325719667048,5.599999999999999e-06,-3.2e-05,-6.4e-05,-1.2e-05,0.0001576543187182,0.0001497142857142,7.999999999999999e-05,3.225e-05,0.000156,0.0001962782281791,2.953846153846154e-05,1.6e-05,0.0,4.8e-05,4.597574611432892e-05,6.42e-05,4e-05,1.075e-05,6.5e-05,0.0001068001576974,7.664999999999999e-05,6.35e-05,3.2e-05,8.324999999999999e-05,9.481187744825622e-05,6.186666666666666e-05,4.8e-05,3.15e-05,6.45e-05,7.121984742097294e-05
d663d20c8cd195e564ccf48d082c5755,3,1,3.647619047619048e-05,3.2e-05,1.7e-05,4.8e-05,3.1273981274566e-05,0.0001173076923076,9.6e-05,5.5e-05,0.000159,7.268583609776233e-05,-1.6388888888888886e-05,-3.2500000000000004e-05,-4.95e-05,-2.2e-05,0.0001010690729963,0.0001673846153846,6.5e-05,1.6e-05,0.00024,0.0002330205779402,2.815384615384615e-05,1.6e-05,1.5e-05,4.8e-05,2.6891281591642775e-05,4.5625e-05,4.8e-05,2.675e-05,6.424999999999999e-05,3.056986533608983e-05,3.78125e-05,3.2e-05,1.6e-05,4.8e-05,5.0919830780027805e-05,3.4727272727272726e-05,1.6e-05,7.5e-06,3.15e-05,6.966360729834612e-05
d663d20c8cd195e564ccf48d082c5755,3,2,9.325e-05,6.35e-05,4.4e-05,8e-05,0.0001537844954884,0.000272,0.000144,9.7e-05,0.000496,0.0002282641014263,6.42e-05,1e-06,-4e-05,4.9e-05,0.0001936603064278,0.0001528461538461,8e-05,4.8e-05,0.000144,0.0001619253151681,1.23125e-05,1.6e-05,7.5e-07,3.4e-05,4.1896250826694904e-05,8.611764705882353e-05,5.2e-05,3.2e-05,0.000112,0.0001070781737522,0.0001233076923076,8e-05,3.3e-05,9.6e-05,0.0001692426190489,5.8454545454545456e-05,1.6e-05,1.6e-05,6.500000000000001e-05,8.771814366066308e-05
de49d95137d1b723cdf26bae776d7cd7,1,1,7.387499999999999e-05,7.099999999999999e-05,4.5e-06,0.000114,7.47777819052335e-05,0.0001256666666666,6.85e-05,7.25e-06,0.0001945,0.0001565551505109,2.216666666666667e-05,2.2e-05,-1.75e-06,4.5e-05,2.698091356810767e-05,9.269230769230768e-05,6.3e-05,1.8e-05,0.000106,0.0001090698435372,0.0001052857142857,5.6e-05,3.8e-05,0.00012,0.0001250124565221,0.0001168461538461,6.5e-05,3.5e-05,0.000186,0.0001211795129507,0.0001852857142857,5.2e-05,4.9e-05,0.000196,0.0002599991758228,0.0001892962962962,0.000112,6.8e-05,0.0002515,0.0001776679735684
de49d95137d1b723cdf26bae776d7cd7,1,2,0.0001282608695652,7.7e-05,5.3e-05,0.00014,0.0001434570627531,4.076190476190475e-05,9e-06,-2.4e-05,7.1e-05,8.455170297628828e-05,1.4866666666666666e-05,7e-06,-1.65e-05,3.6e-05,4.1180554819454474e-05,0.0001232727272727,0.000105,5.45e-05,0.00019,9.495692803486317e-05,0.0001535652173913,7.7e-05,4.85e-05,0.000201,0.0001857864918484,0.000184875,9.95e-05,8.325e-05,0.00017975,0.0002136060710078,0.0001102352941176,9.4e-05,6.2e-05,0.000125,6.105891561820098e-05,0.0004084444444444,0.000305,0.000191,0.000547,0.0002697851511439
de49d95137d1b723cdf26bae776d7cd7,2,1,0.0001525833333333,7.099999999999999e-05,3.9e-05,0.00019025,0.0002069362916162,0.000149,5.9999999999999995e-05,6.999999999999999e-06,0.00022875,0.0002381523322021,6.564285714285715e-05,2.4e-05,-4.999999999999994e-07,5.95e-05,0.0001132020706136,7.712499999999999e-05,7.25e-05,5.775000000000001e-05,9.55e-05,4.398193622711162e-05,6.173913043478262e-05,5.3e-05,3.85e-05,7.6e-05,3.811611135286536e-05,8.989999999999999e-05,6.649999999999999e-05,4.6500000000000005e-05,0.00011125,7.470750371355686e-05,0.0001554444444444,7.8e-05,5.8e-05,0.000215,0.0001494549356086,0.0001531904761904,8.8e-05,4.8e-05,0.000121,0.0002146759462649
de49d95137d1b723cdf26bae776d7cd7,2,2,0.0002020769230769,0.000102,5.6e-05,0.000204,0.0002348898541651,8.842857142857144e-05,-1e-05,-2.05e-05,0.00018,0.0001535674196597,1.944444444444445e-05,1.5e-05,-1.6e-05,2.1e-05,6.124359376928967e-05,9.633333333333332e-05,7.500000000000001e-05,6.4e-05,9.275e-05,6.391452625707763e-05,0.0001400555555555,7.099999999999999e-05,5.45e-05,0.0001415,0.00020872849582,7.159999999999999e-05,8.4e-05,5e-05,8.7e-05,2.173246419530008e-05,9.524999999999998e-05,9.35e-05,4.95e-05,0.0001305,5.39331596912856e-05,8.659999999999999e-05,7.35e-05,6.85e-05,8.725e-05,4.321316671776993e-05
de49d95137d1b723cdf26bae776d7cd7,3,1,9.678571428571428e-05,5.5499999999999994e-05,3.3e-05,0.00011725,0.0001015004195303,5.235714285714285e-05,4.1e-05,8.75e-06,6.675e-05,6.522341149152968e-05,1.72e-05,1.1e-05,-1.0249999999999998e-05,3.375e-05,5.359270265416531e-05,0.0001348125,9.25e-05,2.4e-05,0.00016825,0.0001656450899765,0.0001485789473684,6.7e-05,3.85e-05,0.0001135,0.000185818703696,7.909090909090907e-05,5.2e-05,2.9e-05,6.500000000000001e-05,0.0001207538442828,0.0001568,0.000138,0.000128,0.000154,7.360163041672378e-05,0.0001976666666666,9e-05,5.0499999999999994e-05,0.000313,0.0002209032324236
de49d95137d1b723cdf26bae776d7cd7,3,2,0.000125909090909,9.9e-05,8.15e-05,0.0001245,0.0001154187632453,5.4875e-05,1.2e-05,-1.425e-05,5.25e-05,0.0001320729641415,2e-05,8e-06,-8e-06,4.4e-05,3.249615361854384e-05,0.000146375,7.35e-05,5.575e-05,0.0001325,0.0001814315593117,7.525e-05,6.7e-05,4.675e-05,9.575e-05,3.477753977392985e-05,8.4e-05,6.95e-05,5.875e-05,7.975e-05,6.56440618574358e-05,9.98e-05,6.4e-05,4.8e-05,0.000166,6.7521848315934e-05,0.0001415454545454,9.4e-05,6.1000000000000005e-05,0.0001425,0.0001328324987616
edc8ba7558e8f5e56c9ede5709709e3f,1,1,2.0360655737704917e-05,1e-06,-1.5e-05,3.3e-05,6.280181334613549e-05,0.0003695641025641,0.000193,0.0001115,0.0007075,0.0003218931495544,3.542857142857143e-05,3.3e-05,1.625e-05,4.775e-05,3.384768094310866e-05,0.0005071538461538,0.000639,0.000176,0.000768,0.0003344039090067,2.7090909090909088e-05,3.2e-05,0.0,4.4e-05,3.152920723854168e-05,1.3181818181818176e-06,0.0,-2.2e-05,1.825e-05,2.9913186077358952e-05,0.0001071707317073,8.8e-05,6.4e-05,0.000115,7.163270986044867e-05,2.835294117647059e-05,2.3e-05,-1.6e-05,5.6e-05,5.68176262004919e-05
edc8ba7558e8f5e56c9ede5709709e3f,1,2,2.9461538461538464e-05,1e-06,-3.8e-05,4e-05,0.0001489149962675,0.00026965625,0.000144,8.075000000000001e-05,0.0003509999999999,0.0002416170803318,2.5931034482758614e-05,1.6e-05,0.0,3.5e-05,3.7348676620734466e-05,0.000206875,0.000162,7.975e-05,0.0002234999999999,0.0001725890556867,3.75e-05,3.5e-05,1.725e-05,5.525e-05,3.421987726453735e-05,8.399999999999998e-06,1.2e-05,-8.25e-06,3.425e-05,3.566884728536467e-05,8.722222222222223e-05,8e-05,7.25e-05,9.95e-05,2.088675202745535e-05,5.509090909090909e-05,1e-06,0.0,5.95e-05,0.0001326600577004
edc8ba7558e8f5e56c9ede5709709e3f,2,1,2.2344827586206895e-05,0.0,-1.6e-05,2.4e-05,0.0001043239811498,0.0002399743589743,0.000163,0.0001035,0.00026,0.0002260409240054,1.6323529411764708e-05,8e-06,0.0,2.4e-05,3.883119691475454e-05,0.00029195,0.000222,0.00012075,0.00038975,0.0002216997673478,0.0001161249999999,6.85e-05,1.75e-05,0.00011225,0.000168664025718,1.1125e-05,5e-07,0.0,2.8000000000000003e-05,3.8583027356598133e-05,0.00012175,8e-05,7.2e-05,0.00010425,0.0001527555026496,9.757142857142855e-05,7.5e-06,-1.8e-05,0.000106,0.0002344586938479
edc8ba7558e8f5e56c9ede5709709e3f,2,2,1.5695652173913043e-05,0.0,-2.15e-05,2.2e-05,0.0001069720357155,0.00019609375,0.000116,8.099999999999999e-05,0.00020275,0.0002151815976325,2.0740740740740743e-05,1.5e-05,0.0,3.85e-05,2.422426087241497e-05,0.0003263,0.000188,9.425e-05,0.000528,0.0003160917764053,0.0001078571428571,0.0,-1.55e-05,6.5e-05,0.0002621192022543,4.285714285714286e-06,0.0,0.0,2.1e-05,3.744827935130834e-05,7.588888888888889e-05,7.8e-05,4.85e-05,9.55e-05,2.994011116228957e-05,3.3375e-05,2.8e-05,7.5e-07,6.725e-05,6.288282754456896e-05
edc8ba7558e8f5e56c9ede5709709e3f,3,1,4.4230769230769243e-07,0.0,-2.425e-05,5.75e-06,3.398697181853166e-05,0.000299794117647,0.0001415,9.55e-05,0.00045875,0.0003064117629093,3.9896551724137926e-05,2.4e-05,0.0,4e-05,8.470425222400341e-05,0.0002868333333333,0.0001805,0.00010625,0.00035425,0.0002491187408823,0.0002023333333333,2.75e-05,-1.325e-05,0.00035625,0.0003226668044076,-1e-06,0.0,-2.325e-05,1.9e-05,2.643230346879868e-05,9.091176470588234e-05,8.8e-05,7.925e-05,0.000104,2.4737859155135528e-05,1.3333333333333337e-05,0.0,0.0,4e-05,5.075431016179808e-05
edc8ba7558e8f5e56c9ede5709709e3f,3,2,1.6820000000000005e-05,0.0,-2.15e-05,2.375e-05,0.0001053717791286,0.0002028157894736,0.0001284999999999,8.7e-05,0.00017975,0.0002316660988698,2.3794117647058826e-05,2.4e-05,0.0,4e-05,2.6522465505125804e-05,0.0003071428571428,0.0001445,9.125e-05,0.000522,0.0003268367875779,2.785714285714286e-05,2.5e-05,1.95e-05,3.65e-05,1.909125953090027e-05,3.125e-06,0.0,-2.5e-05,2.875e-05,3.205178102175707e-05,0.0001053529411764,8e-05,6.825e-05,0.0001005,0.0001299785255813,-8.833333333333334e-06,-1.45e-05,-5.475e-05,1.8e-05,7.125987438221945e-05
f508fd21fe9cffac4d76fc6dc48602b4,1,1,0.0001004902609868,6.461666666666666e-05,3.282083333333333e-05,0.0001164479166666,0.0001250641195581,0.0002716328019585,0.000202425,0.0001327041666666,0.0003469708333333,0.0002143607789553,8.792909526853384e-05,6.819583333333334e-05,4.888124999999999e-05,9.989375e-05,8.162821337534548e-05,0.0002561209520252,0.0001909133333333,0.0001165870833333,0.0003421704166666,0.0002132185388413,9.240071893028444e-05,6.176041666666666e-05,3.338020833333333e-05,0.0001022333333333,0.0001087403136106,8.832635593021817e-05,6.17e-05,3.686041666666667e-05,9.962083333333333e-05,9.681267002763053e-05,0.0001248696033496,0.0001015166666666,6.853749999999999e-05,0.0001500604166666,9.630081056729034e-05,0.0001318157653182,0.0001006916666666,7.193541666666667e-05,0.0001511770833333,0.0001074576906118
f508fd21fe9cffac4d76fc6dc48602b4,1,2,0.0001004902609868,6.461666666666666e-05,3.282083333333333e-05,0.0001164479166666,0.0001250641195581,0.0002716328019585,0.000202425,0.0001327041666666,0.0003469708333333,0.0002143607789553,8.792909526853384e-05,6.819583333333334e-05,4.888124999999999e-05,9.989375e-05,8.162821337534548e-05,0.0002561209520252,0.0001909133333333,0.0001165870833333,0.0003421704166666,0.0002132185388413,9.240071893028444e-05,6.176041666666666e-05,3.338020833333333e-05,0.0001022333333333,0.0001087403136106,8.832635593021817e-05,6.17e-05,3.686041666666667e-05,9.962083333333333e-05,9.681267002763053e-05,0.0001248696033496,0.0001015166666666,6.853749999999999e-05,0.0001500604166666,9.630081056729034e-05,0.0001318157653182,0.0001006916666666,7.193541666666667e-05,0.0001511770833333,0.0001074576906118
f508fd21fe9cffac4d76fc6dc48602b4,2,1,0.0001004902609868,6.461666666666666e-05,3.282083333333333e-05,0.0001164479166666,0.0001250641195581,0.0002716328019585,0.000202425,0.0001327041666666,0.0003469708333333,0.0002143607789553,8.792909526853384e-05,6.819583333333334e-05,4.888124999999999e-05,9.989375e-05,8.162821337534548e-05,0.0002561209520252,0.0001909133333333,0.0001165870833333,0.0003421704166666,0.0002132185388413,9.240071893028444e-05,6.176041666666666e-05,3.338020833333333e-05,0.0001022333333333,0.0001087403136106,8.832635593021817e-05,6.17e-05,3.686041666666667e-05,9.962083333333333e-05,9.681267002763053e-05,0.0001248696033496,0.0001015166666666,6.853749999999999e-05,0.0001500604166666,9.630081056729034e-05,0.0001318157653182,0.0001006916666666,7.193541666666667e-05,0.0001511770833333,0.0001074576906118
f508fd21fe9cffac4d76fc6dc48602b4,2,2,0.0001004902609868,6.461666666666666e-05,3.282083333333333e-05,0.0001164479166666,0.0001250641195581,0.0002716328019585,0.000202425,0.0001327041666666,0.0003469708333333,0.0002143607789553,8.792909526853384e-05,6.819583333333334e-05,4.888124999999999e-05,9.989375e-05,8.162821337534548e-05,0.0002561209520252,0.0001909133333333,0.0001165870833333,0.0003421704166666,0.0002132185388413,9.240071893028444e-05,6.176041666666666e-05,3.338020833333333e-05,0.0001022333333333,0.0001087403136106,8.832635593021817e-05,6.17e-05,3.686041666666667e-05,9.962083333333333e-05,9.681267002763053e-05,0.0001248696033496,0.0001015166666666,6.853749999999999e-05,0.0001500604166666,9.630081056729034e-05,0.0001318157653182,0.0001006916666666,7.193541666666667e-05,0.0001511770833333,0.0001074576906118
f508fd21fe9cffac4d76fc6dc48602b4,3,1,0.0001004902609868,6.461666666666666e-05,3.282083333333333e-05,0.0001164479166666,0.0001250641195581,0.0002716328019585,0.000202425,0.0001327041666666,0.0003469708333333,0.0002143607789553,8.792909526853384e-05,6.819583333333334e-05,4.888124999999999e-05,9.989375e-05,8.162821337534548e-05,0.0002561209520252,0.0001909133333333,0.0001165870833333,0.0003421704166666,0.0002132185388413,9.240071893028444e-05,6.176041666666666e-05,3.338020833333333e-05,0.0001022333333333,0.0001087403136106,8.832635593021817e-05,6.17e-05,3.686041666666667e-05,9.962083333333333e-05,9.681267002763053e-05,0.0001248696033496,0.0001015166666666,6.853749999999999e-05,0.0001500604166666,9.630081056729034e-05,0.0001318157653182,0.0001006916666666,7.193541666666667e-05,0.0001511770833333,0.0001074576906118
f508fd21fe9cffac4d76fc6dc48602b4,3,2,0.0001004902609868,6.461666666666666e-05,3.282083333333333e-05,0.0001164479166666,0.0001250641195581,0.0002716328019585,0.000202425,0.0001327041666666,0.0003469708333333,0.0002143607789553,8.792909526853384e-05,6.819583333333334e-05,4.888124999999999e-05,9.989375e-05,8.162821337534548e-05,0.0002561209520252,0.0001909133333333,0.0001165870833333,0.0003421704166666,0.0002132185388413,9.240071893028444e-05,6.176041666666666e-05,3.338020833333333e-05,0.0001022333333333,0.0001087403136106,8.832635593021817e-05,6.17e-05,3.686041666666667e-05,9.962083333333333e-05,9.681267002763053e-05,0.0001248696033496,0.0001015166666666,6.853749999999999e-05,0.0001500604166666,9.630081056729034e-05,0.0001318157653182,0.0001006916666666,7.193541666666667e-05,0.0001511770833333,0.0001074576906118
fec3158cc943a0fc7f6ec2713e2b1c85,1,1,5.940000000000001e-05,3.3e-05,1.6e-05,8e-05,6.180075511944278e-05,0.0002122499999999,8e-05,6.025e-05,0.00015675,0.0003104470279175,-1.921052631578947e-05,-1.6e-05,-4.75e-05,0.0,4.7963619253865994e-05,0.0001870833333333,8.8e-05,3.3e-05,0.00031225,0.0002021922839699,5.346666666666667e-05,3.1e-05,0.0,4.85e-05,9.873692800761502e-05,6.193333333333334e-05,6.4e-05,4e-05,8.1e-05,2.6323446003967823e-05,7.829411764705882e-05,6.4e-05,3.2e-05,8.1e-05,0.0001043705925451,2.7833333333333337e-05,1.75e-05,1.125e-05,5.125e-05,2.9829312408902064e-05
fec3158cc943a0fc7f6ec2713e2b1c85,1,2,5.234615384615384e-05,3.2e-05,1.525e-05,6.4e-05,7.742348083505018e-05,0.000229909090909,6.4e-05,4.75e-05,0.000368,0.0002930080048549,-1.9687499999999997e-05,-2.95e-05,-5.2749999999999995e-05,2.5e-07,5.687262815567198e-05,0.0002168666666666,0.000113,8.850000000000001e-05,0.000224,0.0002458355625403,0.0001249,3.2e-05,2.5e-07,9.275e-05,0.0002637652365267,2.7176470588235296e-05,3.1e-05,0.0,4.8e-05,5.648587798525137e-05,4.070588235294118e-05,3.2e-05,1.7e-05,4.9e-05,2.6286319412106636e-05,4.300000000000001e-05,4e-05,1.225e-05,6.025e-05,4.3975199622266435e-05
fec3158cc943a0fc7f6ec2713e2b1c85,2,1,5.154166666666666e-05,3.2500000000000004e-05,1.675e-05,6.85e-05,4.5021713762860334e-05,0.0001713846153846,0.000112,8.1e-05,0.00016,0.0001566783001681,1.3e-05,-1.6e-05,-3.2e-05,1.225e-05,0.0001448812901491,0.0001998999999999,0.000112,8.375e-05,0.00021975,0.0002485484303354,7.257142857142857e-05,4.8e-05,3.6e-05,8.8e-05,8.820318700479137e-05,6.0307692307692304e-05,6.4e-05,3.2e-05,9.6e-05,4.479654863079041e-05,9.041176470588234e-05,4.8e-05,3e-05,6.4e-05,0.0001347646368783,5.2785714285714286e-05,4.85e-05,3.125e-05,6.7e-05,4.824804272064958e-05
fec3158cc943a0fc7f6ec2713e2b1c85,2,2,5.2e-05,4.8e-05,3.9e-05,7.25e-05,3.101075082397501e-05,0.0001698,9.6e-05,7.95e-05,0.0002322499999999,0.0001591769106651,-4.066666666666666e-06,-2.7e-05,-7.999999999999999e-05,8.5e-06,0.0001529936817867,7.59090909090909e-05,4.9e-05,2.45e-05,9.6e-05,7.354652207338501e-05,4.791666666666667e-05,2.45e-05,1.6e-05,4.475e-05,5.9112309644566856e-05,9.607142857142856e-05,4.8e-05,2e-05,6.4e-05,0.0001701915049338,9.314285714285716e-05,3.3e-05,1.525e-05,7.525e-05,0.0002178238021686,3.778571428571428e-05,3.2e-05,1.6e-05,4.875e-05,3.911556560408494e-05
fec3158cc943a0fc7f6ec2713e2b1c85,3,1,3.995e-05,3.95e-05,1.225e-05,6.4e-05,4.186629721034884e-05,0.000317,0.000224,0.000136,0.0004325,0.0002702717151312,9.285714285714282e-06,-4.7e-05,-4.875e-05,-4e-06,0.0001332010790967,7.266666666666667e-05,4.8e-05,1e-06,0.000112,0.0001018626526259,2.808333333333334e-05,3.2e-05,1.125e-05,4.825e-05,2.7998241286757903e-05,7.415384615384615e-05,4.8e-05,3.2e-05,6.5e-05,8.667645408245364e-05,3.790909090909091e-05,3.3e-05,2.4e-05,4.85e-05,2.298893014237307e-05,3.64e-05,3.2e-05,8.000000000000001e-06,6.45e-05,3.679052673097869e-05
fec3158cc943a0fc7f6ec2713e2b1c85,3,2,7.481818181818181e-05,5.6e-05,3.2e-05,6.475e-05,0.0001014549566315,0.0002078333333333,8.8e-05,4.775e-05,0.00025525,0.0002492530052096,4.429411764705882e-05,-3.2e-05,-6.4e-05,8e-05,0.0001680177686681,8.476923076923078e-05,8e-05,3.2e-05,0.000112,8.519502513464216e-05,0.000116923076923,3.2e-05,1.6e-05,0.000112,0.0002347617450162,7.878571428571429e-05,4.75e-05,3.2e-05,8.8e-05,8.707837192519654e-05,2.8933333333333333e-05,3.2e-05,2.35e-05,4.8e-05,2.4411550739840543e-05,5.4000000000000005e-05,4.8e-05,3.2500000000000004e-05,8.05e-05,3.656227564033727e-05
