user_id,platform_id,IL_eKey.space_mean,IL_eKey.space_median,IL_eKey.space_q1,IL_eKey.space_q3,IL_eKey.space_std,IL_Key.backspaceKey.backspace_mean,IL_Key.backspaceKey.backspace_median,IL_Key.backspaceKey.backspace_q1,IL_Key.backspaceKey.backspace_q3,IL_Key.backspaceKey.backspace_std,IL_Key.spacet_mean,IL_Key.spacet_median,IL_Key.spacet_q1,IL_Key.spacet_q3,IL_Key.spacet_std,IL_th_mean,IL_th_median,IL_th_q1,IL_th_q3,IL_th_std,IL_Key.spacea_mean,IL_Key.spacea_median,IL_Key.spacea_q1,IL_Key.spacea_q3,IL_Key.spacea_std,IL_sKey.space_mean,IL_sKey.space_median,IL_sKey.space_q1,IL_sKey.space_q3,IL_sKey.space_std,IL_dKey.space_mean,IL_dKey.space_median,IL_dKey.space_q1,IL_dKey.space_q3,IL_dKey.space_std,IL_he_mean,IL_he_median,IL_he_q1,IL_he_q3,IL_he_std,IL_tKey.space_mean,IL_tKey.space_median,IL_tKey.space_q1,IL_tKey.space_q3,IL_tKey.space_std
019bfef500435f7b6cb714ea03ffd687,2,9.499510235706104e-05,6.06e-05,3.1549999999999994e-05,0.0001084692307692,0.0001261747695394,0.0001043333333333,0.000104,9.2e-05,0.0001164999999999,2.4501700621249393e-05,0.0002885735393269,0.000216823076923,0.0001400076923076,0.0003757307692307,0.000210688005996,9.120808282439742e-05,7.199230769230769e-05,5.560769230769231e-05,0.0001039538461538,7.998417839210839e-05,0.0002603727706608,0.0001969047619047,0.0001054563492063,0.0003677857142857,0.0002228010757235,9.141093252773044e-05,6.0206349206349214e-05,3.490476190476191e-05,9.884920634920636e-05,0.0001158448201405,8.513812680733655e-05,5.898461538461537e-05,3.458076923076923e-05,9.346153846153844e-05,0.0001017354191065,0.0001182758319401,9.14e-05,5.883846153846154e-05,0.0001464692307692,0.0001010108441071,0.0001318237548477,9.685714285714283e-05,7.0765873015873e-05,0.000143123015873,0.0001136136747966
03ed26062301e1ac6bbf94f3c03a7e56,1,6.602325581395349e-05,5.6e-05,2.4e-05,9.6e-05,5.946246850388788e-05,0.00014495,0.0001085,8.874999999999999e-05,0.00012275,0.0001260240056497,0.0001422307692307,0.000145,0.000136,0.000161,3.577511669245782e-05,0.0001206923076923,0.00013,0.0001215,0.000136,3.8364326378310595e-05,4.0625e-05,8e-06,-1.75e-06,4.175e-05,0.0001039479837867,9.368e-05,6.4e-05,3.6e-05,0.000121,9.836611882824966e-05,7.893333333333336e-05,5.2e-05,2.1e-05,0.00010575,0.0001029207707776,1.8800000000000003e-05,1.2e-05,1e-06,3.2e-05,2.55488327941387e-05,0.0001259,0.000112,6.4e-05,0.00015475,9.667545494976266e-05
03ed26062301e1ac6bbf94f3c03a7e56,2,6.498039215686273e-05,5.6e-05,3.2e-05,7.45e-05,6.697297669839036e-05,0.000124074074074,0.000105,9.55e-05,0.000128,5.6277421299737504e-05,0.0001906363636363,0.000128,0.0001085,0.000158,0.0001648989222082,0.0001015357142857,0.000128,5.475e-05,0.000137,5.240828471604759e-05,6.293333333333334e-05,3.6e-05,1.25e-05,9.95e-05,8.008430082166691e-05,0.000116,7.2e-05,5.55e-05,0.000133,0.0001308648157451,5.604761904761904e-05,5.6e-05,2.3e-05,0.000113,5.746953644364655e-05,8.16842105263158e-05,4e-05,1.6e-05,0.0001315,9.42408572822136e-05,0.0001406875,0.000116,7.525e-05,0.00015625,0.0001152045691018
03ed26062301e1ac6bbf94f3c03a7e56,3,6.023076923076923e-05,5.6e-05,2.8e-05,8.7e-05,5.87127088987965e-05,0.0001002083333333,9.8e-05,8.8e-05,0.0001125,1.5720325161662714e-05,0.0001887333333333,0.000153,0.000132,0.000164,0.0001282845423639,0.0001658695652173,0.00014,0.000128,0.000164,8.935287773146022e-05,6.341666666666666e-05,5.05e-05,2e-05,8.925e-05,6.941372451839155e-05,8.589285714285716e-05,8.45e-05,3.275e-05,0.00013,6.940932762896326e-05,6.769230769230768e-05,7.1e-05,4.8e-05,8.1e-05,3.798548980725977e-05,5.188461538461539e-05,3.7000000000000005e-05,1.6e-05,5.675e-05,6.394705742914333e-05,0.0001046923076923,0.000112,6.725e-05,0.000136,4.5330580610240795e-05
03fa198f4c5d4d58243a0e3ae8124839,3,9.499510235706104e-05,6.06e-05,3.1549999999999994e-05,0.0001084692307692,0.0001261747695394,0.0001999889239278,0.0001448175675675,0.0001287567567567,0.0002084729729729,0.0001445977112846,0.0002885735393269,0.000216823076923,0.0001400076923076,0.0003757307692307,0.000210688005996,9.120808282439742e-05,7.199230769230769e-05,5.560769230769231e-05,0.0001039538461538,7.998417839210839e-05,0.0002603727706608,0.0001969047619047,0.0001054563492063,0.0003677857142857,0.0002228010757235,9.141093252773044e-05,6.0206349206349214e-05,3.490476190476191e-05,9.884920634920636e-05,0.0001158448201405,8.513812680733655e-05,5.898461538461537e-05,3.458076923076923e-05,9.346153846153844e-05,0.0001017354191065,0.0001182758319401,9.14e-05,5.883846153846154e-05,0.0001464692307692,0.0001010108441071,0.0001318237548477,9.685714285714283e-05,7.0765873015873e-05,0.000143123015873,0.0001136136747966
090e14f795db6d9fad9fc4ddd6ff5094,1,0.0001337333333333,0.0001284999999999,0.0001095,0.000163,4.590840455946386e-05,0.0001785555555555,0.000124,0.000105,0.000159,0.0001395224991812,0.00040175,0.000312,0.0001805,0.0004095,0.0002954910012473,0.0001716666666666,0.000164,0.0001455,0.00019175,3.3508027079908464e-05,0.000351909090909,0.00029,0.0002205,0.0004374999999999,0.0002088618943443,0.0001867499999999,0.000157,0.0001185,0.00021325,0.0001598679482246,0.0001458421052631,0.000126,7.9e-05,0.0001999999999999,8.688770732509015e-05,0.0001714999999999,0.0001515,9.725e-05,0.0002045,9.533338631064433e-05,0.0001643333333333,0.000158,0.0001195,0.00022075,7.016646872497813e-05
090e14f795db6d9fad9fc4ddd6ff5094,2,0.0001273947368421,0.0001264999999999,8.925e-05,0.00016125,5.36381970965348e-05,0.0002945,0.000138,0.00010925,0.00047525,0.0002862719927728,0.0003297647058823,0.000225,0.000155,0.000332,0.0002473960714653,0.0001652307692307,0.00016,0.000149,0.00017575,2.544532600271837e-05,0.0004888181818181,0.000432,0.0002705,0.0006475,0.0002682434782736,0.0001545,0.0001255,0.00010425,0.00017675,8.447989666883165e-05,0.0001258333333333,0.000126,8.375e-05,0.0001495,5.935858132124275e-05,0.0001919333333333,0.000112,8.625000000000001e-05,0.0002695,0.000147745105137,0.0001922499999999,0.0001115,9.9e-05,0.00019825,0.0002101382084882
090e14f795db6d9fad9fc4ddd6ff5094,3,0.0001441818181818,0.00014,0.000105,0.00017,6.365701775209792e-05,0.0001453846153846,0.000111,9.7e-05,0.000118,0.0001432274057001,0.0003051999999999,0.000223,0.00014925,0.000386,0.000217810213004,0.0001643478260869,0.00016,0.00015,0.0001785,2.1314972747838703e-05,0.0005862,0.000584,0.000325,0.00079875,0.0002871913028704,0.0001985789473684,0.000158,8.400000000000001e-05,0.000214,0.0002003181679754,0.000135619047619,0.00013,0.000114,0.000163,4.692704570977827e-05,0.000196947368421,0.000214,0.0001075,0.000257,0.0001044235359188,0.0001152,0.000123,8.9e-05,0.00013325,3.2591068987957084e-05
09ff604f50d6b3b9782b0adc1619ddb8,1,9.499510235706104e-05,6.06e-05,3.1549999999999994e-05,0.0001084692307692,0.0001261747695394,0.000513,0.000529,0.0004655,0.0005685,0.000103927859595,0.0002885735393269,0.000216823076923,0.0001400076923076,0.0003757307692307,0.000210688005996,9.120808282439742e-05,7.199230769230769e-05,5.560769230769231e-05,0.0001039538461538,7.998417839210839e-05,0.0002603727706608,0.0001969047619047,0.0001054563492063,0.0003677857142857,0.0002228010757235,9.141093252773044e-05,6.0206349206349214e-05,3.490476190476191e-05,9.884920634920636e-05,0.0001158448201405,8.513812680733655e-05,5.898461538461537e-05,3.458076923076923e-05,9.346153846153844e-05,0.0001017354191065,0.0001182758319401,9.14e-05,5.883846153846154e-05,0.0001464692307692,0.0001010108441071,0.0001318237548477,9.685714285714283e-05,7.0765873015873e-05,0.000143123015873,0.0001136136747966
09ff604f50d6b3b9782b0adc1619ddb8,2,9.499510235706104e-05,6.06e-05,3.1549999999999994e-05,0.0001084692307692,0.0001261747695394,0.00018,0.00018,0.00018,0.00018,0.0,0.0002885735393269,0.000216823076923,0.0001400076923076,0.0003757307692307,0.000210688005996,9.120808282439742e-05,7.199230769230769e-05,5.560769230769231e-05,0.0001039538461538,7.998417839210839e-05,0.0002603727706608,0.0001969047619047,0.0001054563492063,0.0003677857142857,0.0002228010757235,9.141093252773044e-05,6.0206349206349214e-05,3.490476190476191e-05,9.884920634920636e-05,0.0001158448201405,8.513812680733655e-05,5.898461538461537e-05,3.458076923076923e-05,9.346153846153844e-05,0.0001017354191065,0.0001182758319401,9.14e-05,5.883846153846154e-05,0.0001464692307692,0.0001010108441071,0.0001318237548477,9.685714285714283e-05,7.0765873015873e-05,0.000143123015873,0.0001136136747966
09ff604f50d6b3b9782b0adc1619ddb8,3,9.499510235706104e-05,6.06e-05,3.1549999999999994e-05,0.0001084692307692,0.0001261747695394,0.0003465,0.0003545,0.00032275,0.00037425,5.1963929797504734e-05,0.0002885735393269,0.000216823076923,0.0001400076923076,0.0003757307692307,0.000210688005996,9.120808282439742e-05,7.199230769230769e-05,5.560769230769231e-05,0.0001039538461538,7.998417839210839e-05,0.0002603727706608,0.0001969047619047,0.0001054563492063,0.0003677857142857,0.0002228010757235,9.141093252773044e-05,6.0206349206349214e-05,3.490476190476191e-05,9.884920634920636e-05,0.0001158448201405,8.513812680733655e-05,5.898461538461537e-05,3.458076923076923e-05,9.346153846153844e-05,0.0001017354191065,0.0001182758319401,9.14e-05,5.883846153846154e-05,0.0001464692307692,0.0001010108441071,0.0001318237548477,9.685714285714283e-05,7.0765873015873e-05,0.000143123015873,0.0001136136747966
0a33d72cd1ea41a33634db135928cc0d,1,9.5e-06,9.5e-06,4.75e-06,1.425e-05,1.3435028842544404e-05,0.000608,0.000608,0.000608,0.000608,0.0,0.000577,0.000577,0.000577,0.000577,0.0,0.000128,0.000128,0.000128,0.000128,0.0,0.0002603727706608,0.0001969047619047,0.0001054563492063,0.0003677857142857,0.0002228010757235,9.141093252773044e-05,6.0206349206349214e-05,3.490476190476191e-05,9.884920634920636e-05,0.0001158448201405,3.2e-05,3.2e-05,3.2e-05,3.2e-05,0.0,1.6e-05,1.6e-05,1.6e-05,1.6e-05,0.0,0.0001318237548477,9.685714285714283e-05,7.0765873015873e-05,0.000143123015873,0.0001136136747966
0a33d72cd1ea41a33634db135928cc0d,2,9.5e-06,9.5e-06,4.75e-06,1.425e-05,1.3435028842544404e-05,0.0006709999999999,0.0006709999999999,0.0005905,0.0007515,0.000227688383542,0.000577,0.000577,0.000577,0.000577,0.0,0.000128,0.000128,0.000128,0.000128,0.0,0.0002603727706608,0.0001969047619047,0.0001054563492063,0.0003677857142857,0.0002228010757235,9.141093252773044e-05,6.0206349206349214e-05,3.490476190476191e-05,9.884920634920636e-05,0.0001158448201405,3.2e-05,3.2e-05,3.2e-05,3.2e-05,0.0,1.6e-05,1.6e-05,1.6e-05,1.6e-05,0.0,0.0001318237548477,9.685714285714283e-05,7.0765873015873e-05,0.000143123015873,0.0001136136747966
0b368dc281d8fec53d8ecaa40d0f35eb,1,0.0001224583333333,3.2500000000000004e-05,6.75e-06,0.000149,0.0002424571641533,0.0001734545454545,0.000104,9.7e-05,0.000147,0.0001508448358485,0.0001731176470588,0.000129,4.8e-05,0.000272,0.0001397215455615,0.0001803749999999,-4e-06,-3.05e-05,0.000369,0.0003327945981611,0.0001385172413793,4.1e-05,1.6e-05,0.000265,0.000195521394644,7.472727272727272e-05,9e-06,-2.3e-05,6.6e-05,0.0002218826087043,8.610526315789474e-05,3.1e-05,-3.85e-05,9.85e-05,0.0001974486979042,5.025e-05,2.85e-05,0.0,4.175e-05,8.980014847797673e-05,7.925000000000002e-05,2.75e-05,-1.525e-05,9.75e-05,0.0001501770868255
0b368dc281d8fec53d8ecaa40d0f35eb,2,0.0001837083333333,3.75e-05,-1.5e-06,0.0001922499999999,0.0003312822885548,0.0002214,0.000115,8.325e-05,0.0003542499999999,0.0002077595832794,0.0001803636363636,0.000104,5.6e-05,0.00032975,0.0001863531070829,6.739999999999998e-05,-1.6e-05,-3.7000000000000005e-05,2.6e-05,0.0002125019876068,0.0001289285714285,4.85e-05,7.5e-07,0.00017625,0.0002056732267225,0.0001122916666666,3.5e-05,-1.95e-05,0.000116,0.0002701694281881,-8.545454545454544e-06,-8e-06,-3.9e-05,8.5e-06,4.2765321549974663e-05,3.433333333333333e-05,3.75e-05,1.3e-05,4.925e-05,3.5884494836864705e-05,4.664705882352941e-05,1.9e-05,-1.35e-05,4.625e-05,0.0001307168771076
0b368dc281d8fec53d8ecaa40d0f35eb,3,0.0002064166666666,5.1e-05,-1.425e-05,0.00034975,0.0003178689799363,0.0001387142857142,0.000104,9.1e-05,0.000119,0.0001170837917293,0.0001091428571428,4.9e-05,2.1e-05,8.1e-05,0.0002041242968669,8.53157894736842e-05,-1.4e-05,-3.2500000000000004e-05,4.9e-05,0.0002449494398241,6.68095238095238e-05,1.8e-05,0.0,8.1e-05,0.0001646507270095,6.98235294117647e-05,4e-05,-3.2e-05,0.000128,0.0001392144188357,0.0001214444444444,1e-05,-2.55e-05,3.875e-05,0.0003114960527031,1.8909090909090912e-05,0.0,-2.5e-05,3.5e-05,6.355226911048031e-05,9.34285714285714e-05,1.6e-05,0.0,5.6e-05,0.0002032522008315
0b3f2442320cf16d3e7e5ddd1a56820d,1,-2.8409090909090906e-05,0.0,-3.35e-05,1.225e-05,0.0002762146610175,0.0002431111111111,6e-06,2.5e-07,0.00049225,0.000335879160499,0.000329947368421,0.000224,1.5e-06,0.00051,0.0003507635280806,4.285714285714287e-06,0.0,-1e-06,1e-06,0.0001697475177439,0.00037125,0.0002555,1.5e-06,0.00063225,0.0004288818518626,-1.8e-05,-2e-06,-2.7e-05,-1e-06,2.946183972531247e-05,5.5875e-05,0.0,0.0,8.25e-06,0.0001594942341098,0.0002005833333333,0.0001285,5e-06,0.00042175,0.0002072330520906,7.1e-05,2e-06,1e-06,5.2500000000000006e-06,0.0001690313580374
0b3f2442320cf16d3e7e5ddd1a56820d,2,6.75263157894737e-05,0.0,-4.000000000000001e-06,8.5e-06,0.000169602924641,0.00022975,1.1e-05,3.750000000000001e-06,0.00042975,0.0003174260472213,0.00029525,0.0002045,1.1e-05,0.00046075,0.0003383383907667,0.0001036666666666,3e-06,-1e-06,0.000438,0.0002963127570659,0.0003420909090909,0.000433,0.0002135,0.0004915,0.0002219605616074,2.599999999999993e-06,2e-06,0.0,1.05e-05,0.0002819996847909,5.055555555555556e-05,1e-06,0.0,3e-06,0.0001460634375118,0.0001557272727272,8e-06,5e-07,0.0004089999999999,0.0002093939306231,4.2e-06,1e-06,1e-06,3e-06,6.685805860178711e-06
0b3f2442320cf16d3e7e5ddd1a56820d,3,2.925e-05,0.0,-1e-06,1.6499999999999998e-05,0.0001708464607707,0.00016,8e-06,0.0,0.000254,0.0001928591887016,0.0002532857142857,1.65e-05,1.5e-06,0.0004927499999999,0.000318485219696,2.964705882352941e-05,0.0,-4e-06,3e-06,0.0001811477094722,0.0003183333333333,0.000243,3.5000000000000004e-06,0.0004885,0.0003809586154251,2.7e-05,2.7e-05,2.7e-05,2.7e-05,0.0,-1.333333333333333e-07,0.0,0.0,7.499999999999999e-06,1.67710067278821e-05,7.153846153846155e-05,5e-06,0.0,1.1e-05,0.0001601299552366,9.72e-05,3e-06,0.0,5e-05,0.0001889171776202
1770934ad1b91344c763822588694de5,1,0.0001098999999999,5.95e-05,3.625e-05,8.675000000000001e-05,0.000171823624379,0.0001382307692307,9.5e-05,9.3e-05,0.000109,0.0001513985655183,0.0001330526315789,9.2e-05,1.5e-05,0.000149,0.0002178252290469,4.866666666666667e-05,3.4e-05,1.95e-05,4.65e-05,4.700405251019269e-05,0.0001601739130434,0.000115,4.75e-05,0.0002115,0.0001593425846675,0.0001200322580645,5.1e-05,2.85e-05,0.0001135,0.0001504423441878,6.305555555555556e-05,4e-05,3.225e-05,6.225e-05,8.45016339711301e-05,8.033333333333334e-05,7.75e-05,5.725e-05,9.425e-05,3.2536226895662945e-05,0.0001154242424242,5.6e-05,2.9e-05,0.000104,0.0001645172920818
1770934ad1b91344c763822588694de5,2,0.00012690625,5.4999999999999995e-05,2.325e-05,0.0001799999999999,0.0001488788984755,0.0001536363636363,9.5e-05,9.4e-05,0.0001089999999999,0.0001734579330715,1.6e-05,-1e-05,-2.35e-05,5.2e-05,6.102458520956943e-05,2.0894736842105266e-05,9e-06,-8e-06,3.2000000000000005e-05,4.619030049316764e-05,8.533333333333334e-05,4.5e-05,3.2e-05,7.2e-05,0.0001503463778523,3.1125e-05,2.2e-05,1.425e-05,3.525e-05,4.69368794464855e-05,3.952941176470588e-05,2.4e-05,1e-05,5.9e-05,4.776782081990294e-05,8.594736842105264e-05,7.4e-05,4.4e-05,0.000111,6.305506736550074e-05,7.196875000000001e-05,4.75e-05,2.3250000000000003e-05,7.375e-05,0.0001009968010911
1770934ad1b91344c763822588694de5,3,0.0001251351351351,5e-05,3.6e-05,8.8e-05,0.0001988552184326,0.0001253157894736,9.2e-05,8.6e-05,0.0001025,0.0001149932619434,7.980952380952381e-05,2.7e-05,-1.5e-05,0.000161,0.0001070918386468,3.163157894736842e-05,1.7e-05,7.000000000000001e-06,3.5000000000000004e-05,6.0681509655207886e-05,9.410526315789472e-05,6e-05,2.95e-05,0.0001775,9.075479463112686e-05,7.285185185185185e-05,2.2e-05,8.5e-06,4.1e-05,0.0001661055511747,9.255555555555556e-05,4.35e-05,2.825e-05,7.15e-05,0.0001765866633503,0.0001526666666666,8.9e-05,5.325e-05,0.000173,0.000194947956856,0.0001444117647058,5.9e-05,2.65e-05,0.00014225,0.0002130012260097
2b1276338fe225d4eaec3ba139659c35,1,9.499510235706104e-05,6.06e-05,3.1549999999999994e-05,0.0001084692307692,0.0001261747695394,0.0001999889239278,0.0001448175675675,0.0001287567567567,0.0002084729729729,0.0001445977112846,0.0002885735393269,0.000216823076923,0.0001400076923076,0.0003757307692307,0.000210688005996,9.120808282439742e-05,7.199230769230769e-05,5.560769230769231e-05,0.0001039538461538,7.998417839210839e-05,0.0002603727706608,0.0001969047619047,0.0001054563492063,0.0003677857142857,0.0002228010757235,9.141093252773044e-05,6.0206349206349214e-05,3.490476190476191e-05,9.884920634920636e-05,0.0001158448201405,8.513812680733655e-05,5.898461538461537e-05,3.458076923076923e-05,9.346153846153844e-05,0.0001017354191065,0.0001182758319401,9.14e-05,5.883846153846154e-05,0.0001464692307692,0.0001010108441071,0.0001318237548477,9.685714285714283e-05,7.0765873015873e-05,0.000143123015873,0.0001136136747966
2b1276338fe225d4eaec3ba139659c35,2,9.499510235706104e-05,6.06e-05,3.1549999999999994e-05,0.0001084692307692,0.0001261747695394,0.0001999889239278,0.0001448175675675,0.0001287567567567,0.0002084729729729,0.0001445977112846,0.0002885735393269,0.000216823076923,0.0001400076923076,0.0003757307692307,0.000210688005996,9.120808282439742e-05,7.199230769230769e-05,5.560769230769231e-05,0.0001039538461538,7.998417839210839e-05,0.0002603727706608,0.0001969047619047,0.0001054563492063,0.0003677857142857,0.0002228010757235,9.141093252773044e-05,6.0206349206349214e-05,3.490476190476191e-05,9.884920634920636e-05,0.0001158448201405,8.513812680733655e-05,5.898461538461537e-05,3.458076923076923e-05,9.346153846153844e-05,0.0001017354191065,0.0001182758319401,9.14e-05,5.883846153846154e-05,0.0001464692307692,0.0001010108441071,0.0001318237548477,9.685714285714283e-05,7.0765873015873e-05,0.000143123015873,0.0001136136747966
2b1276338fe225d4eaec3ba139659c35,3,9.499510235706104e-05,6.06e-05,3.1549999999999994e-05,0.0001084692307692,0.0001261747695394,0.0001999889239278,0.0001448175675675,0.0001287567567567,0.0002084729729729,0.0001445977112846,0.0002885735393269,0.000216823076923,0.0001400076923076,0.0003757307692307,0.000210688005996,9.120808282439742e-05,7.199230769230769e-05,5.560769230769231e-05,0.0001039538461538,7.998417839210839e-05,0.0002603727706608,0.0001969047619047,0.0001054563492063,0.0003677857142857,0.0002228010757235,9.141093252773044e-05,6.0206349206349214e-05,3.490476190476191e-05,9.884920634920636e-05,0.0001158448201405,8.513812680733655e-05,5.898461538461537e-05,3.458076923076923e-05,9.346153846153844e-05,0.0001017354191065,0.0001182758319401,9.14e-05,5.883846153846154e-05,0.0001464692307692,0.0001010108441071,0.0001318237548477,9.685714285714283e-05,7.0765873015873e-05,0.000143123015873,0.0001136136747966
2d94fed3d99ee3fa9d56e8b9896c7c51,1,8.147826086956523e-05,3.3e-05,1.525e-05,8e-05,0.0001772993374845,0.0001850363636363,0.000112,9.6e-05,0.0001287499999999,0.0001996678860523,0.0003064347826086,0.000193,8.05e-05,0.000496,0.0002895667337258,-2.783870967741936e-05,-3.2e-05,-6.4e-05,0.0,5.287286435352483e-05,0.00026115,0.000192,8e-05,0.000385,0.0002294307084938,2.0947368421052632e-05,5e-07,-1.9e-05,4.4250000000000005e-05,8.436694221573738e-05,7.435714285714286e-05,5.65e-05,1.6e-05,8.025e-05,9.897482444043976e-05,4.896774193548386e-05,4.8e-05,2.45e-05,7.950000000000001e-05,3.63927500755922e-05,4.782608695652174e-05,3.2e-05,0.0,7.2e-05,8.432817504677407e-05
2d94fed3d99ee3fa9d56e8b9896c7c51,2,5.302173913043478e-05,4.75e-05,4.749999999999999e-06,6.5e-05,7.209114266150555e-05,0.0001680757575757,0.000112,9.6e-05,0.000128,0.0001672381225583,0.000290619047619,0.000144,6.4e-05,0.000544,0.0002981111330008,-9.78787878787879e-06,-3.2e-05,-4.9e-05,3.1e-05,7.130776499431776e-05,0.0001889166666666,6.4e-05,3.2e-05,0.000161,0.0002705360084795,2.8083333333333333e-05,0.0,-3.125e-05,3.675e-05,9.715271483597356e-05,6.146666666666667e-05,5.6e-05,3.2e-05,9.25e-05,5.332964067676291e-05,5.3370370370370365e-05,4.8e-05,3.2500000000000004e-05,7.199999999999999e-05,3.8109304484851046e-05,1.9458333333333333e-05,1e-06,0.0,5.35e-05,4.407698715998462e-05
2d94fed3d99ee3fa9d56e8b9896c7c51,3,6.817948717948718e-05,3.3e-05,1.7e-05,7.25e-05,0.0001149903592743,0.0001547236842105,9.75e-05,9.6e-05,0.000128,0.0001706068852603,0.0003164117647058,0.000129,3.2e-05,0.000608,0.0003854354775483,-2.5481481481481484e-05,-3.2e-05,-6.45e-05,0.0,8.242076398688827e-05,0.000162,8.05e-05,3.2e-05,0.000216,0.0001906060509707,3.53e-05,8.5e-06,-1.5e-05,7.5e-05,8.241365387378227e-05,6.517857142857143e-05,4.55e-05,3.2e-05,6.4e-05,9.531742430249244e-05,4.277777777777777e-05,4.7e-05,2.4e-05,6.45e-05,4.0961833392461754e-05,2.8761904761904765e-05,1.6e-05,0.0,3.2e-05,7.762016797321736e-05
37578655612f9968585f5f785712ddaa,1,9.499510235706104e-05,6.06e-05,3.1549999999999994e-05,0.0001084692307692,0.0001261747695394,0.0003689,0.000172,0.0001275,0.0005207499999999,0.0003425883341076,0.0002885735393269,0.000216823076923,0.0001400076923076,0.0003757307692307,0.000210688005996,9.120808282439742e-05,7.199230769230769e-05,5.560769230769231e-05,0.0001039538461538,7.998417839210839e-05,0.0002603727706608,0.0001969047619047,0.0001054563492063,0.0003677857142857,0.0002228010757235,9.141093252773044e-05,6.0206349206349214e-05,3.490476190476191e-05,9.884920634920636e-05,0.0001158448201405,8.513812680733655e-05,5.898461538461537e-05,3.458076923076923e-05,9.346153846153844e-05,0.0001017354191065,0.0001182758319401,9.14e-05,5.883846153846154e-05,0.0001464692307692,0.0001010108441071,0.0001318237548477,9.685714285714283e-05,7.0765873015873e-05,0.000143123015873,0.0001136136747966
37578655612f9968585f5f785712ddaa,2,9.499510235706104e-05,6.06e-05,3.1549999999999994e-05,0.0001084692307692,0.0001261747695394,0.000767,0.000767,0.000767,0.000767,0.0,0.0002885735393269,0.000216823076923,0.0001400076923076,0.0003757307692307,0.000210688005996,9.120808282439742e-05,7.199230769230769e-05,5.560769230769231e-05,0.0001039538461538,7.998417839210839e-05,0.0002603727706608,0.0001969047619047,0.0001054563492063,0.0003677857142857,0.0002228010757235,9.141093252773044e-05,6.0206349206349214e-05,3.490476190476191e-05,9.884920634920636e-05,0.0001158448201405,8.513812680733655e-05,5.898461538461537e-05,3.458076923076923e-05,9.346153846153844e-05,0.0001017354191065,0.0001182758319401,9.14e-05,5.883846153846154e-05,0.0001464692307692,0.0001010108441071,0.0001318237548477,9.685714285714283e-05,7.0765873015873e-05,0.000143123015873,0.0001136136747966
37578655612f9968585f5f785712ddaa,3,9.499510235706104e-05,6.06e-05,3.1549999999999994e-05,0.0001084692307692,0.0001261747695394,0.00073825,0.000709,0.00067325,0.000774,0.0001419492280124,0.0002885735393269,0.000216823076923,0.0001400076923076,0.0003757307692307,0.000210688005996,9.120808282439742e-05,7.199230769230769e-05,5.560769230769231e-05,0.0001039538461538,7.998417839210839e-05,0.0002603727706608,0.0001969047619047,0.0001054563492063,0.0003677857142857,0.0002228010757235,9.141093252773044e-05,6.0206349206349214e-05,3.490476190476191e-05,9.884920634920636e-05,0.0001158448201405,8.513812680733655e-05,5.898461538461537e-05,3.458076923076923e-05,9.346153846153844e-05,0.0001017354191065,0.0001182758319401,9.14e-05,5.883846153846154e-05,0.0001464692307692,0.0001010108441071,0.0001318237548477,9.685714285714283e-05,7.0765873015873e-05,0.000143123015873,0.0001136136747966
3b748a1fdbb41baaa95bc3f44a5e7cfa,1,0.0001175,3.85e-05,1.225e-05,0.0001787499999999,0.0001706988140157,0.0001505555555555,0.000139,9.7e-05,0.000148,0.0001057923805279,0.0004521111111111,0.0003375,0.00024925,0.0006215,0.0002554456057878,0.00018421875,0.00016,0.00014375,0.0001975,8.974937662646305e-05,0.0005314285714285,0.000461,0.0003125,0.00082175,0.0002973205248641,5.831818181818182e-05,5.95e-05,1.325e-05,7.7e-05,7.360472705034537e-05,8.263636363636364e-05,3.4e-05,2.2e-05,7.825e-05,0.0001800279199125,0.0002698,0.000243,0.000189,0.000329,0.0001077818011849,0.0002331666666666,0.0001554999999999,0.00014675,0.00026625,0.0001446283743484
3b748a1fdbb41baaa95bc3f44a5e7cfa,2,6.563636363636362e-05,3.7e-05,5.5e-06,6.8e-05,0.0001217796071896,0.0001914285714285,0.0001305,0.000123,0.0001652499999999,0.0001449286998573,0.000495947368421,0.000413,0.0003535,0.000594,0.0002361144905158,0.0001752162162162,0.000176,0.000156,0.000192,4.022032041361896e-05,0.0003194999999999,0.000226,0.000188,0.00037075,0.0002399022472493,0.0001039599999999,7.7e-05,4.3e-05,0.000125,0.0001023924150836,0.0001137666666666,7.7e-05,2.925e-05,0.00013875,0.0001624027949762,0.0002681714285714,0.000253,0.0002064999999999,0.000305,9.407740421160268e-05,0.000154,0.000142,0.000138,0.00017925,2.4448195960321612e-05
3b748a1fdbb41baaa95bc3f44a5e7cfa,3,8.697727272727274e-05,3.15e-05,1.875e-05,7e-05,0.0001787648173902,0.0002676666666666,0.000133,0.000126,0.000409,0.0002125911569186,0.0005621764705882,0.000545,0.000279,0.00081,0.0002911479940026,0.0001688333333333,0.00016,0.00014425,0.00018575,3.3713890857947694e-05,0.0003547857142857,0.0003045,0.0002175,0.000453,0.0001713692273656,8.891666666666667e-05,4.9e-05,3.225e-05,9.95e-05,0.0001280549870569,9.117391304347826e-05,3.2e-05,9.5e-06,0.0001145,0.0001373957959439,0.0003085652173913,0.00027,0.0002154999999999,0.000334,0.0001683286358415,0.0001635714285714,0.000169,0.0001619999999999,0.0001754999999999,2.3606899717788316e-05
40a5c0c29c7580d1e4593c4a149c836c,3,9.499510235706104e-05,6.06e-05,3.1549999999999994e-05,0.0001084692307692,0.0001261747695394,0.0001999889239278,0.0001448175675675,0.0001287567567567,0.0002084729729729,0.0001445977112846,0.0002885735393269,0.000216823076923,0.0001400076923076,0.0003757307692307,0.000210688005996,9.120808282439742e-05,7.199230769230769e-05,5.560769230769231e-05,0.0001039538461538,7.998417839210839e-05,0.0002603727706608,0.0001969047619047,0.0001054563492063,0.0003677857142857,0.0002228010757235,9.141093252773044e-05,6.0206349206349214e-05,3.490476190476191e-05,9.884920634920636e-05,0.0001158448201405,8.513812680733655e-05,5.898461538461537e-05,3.458076923076923e-05,9.346153846153844e-05,0.0001017354191065,0.0001182758319401,9.14e-05,5.883846153846154e-05,0.0001464692307692,0.0001010108441071,0.0001318237548477,9.685714285714283e-05,7.0765873015873e-05,0.000143123015873,0.0001136136747966
44251858f1bd6a904ad5c26e55508fb4,1,0.0001646176470588,0.0001195,8.25e-05,0.00015125,0.0001866321961742,0.0002703437499999,0.000106,9.175e-05,0.000517,0.0002836073625431,0.000451,0.000358,0.00025875,0.000602,0.0002481835549005,0.0001298421052631,0.000131,0.00012,0.00014,2.8117339762531547e-05,0.0003168823529411,0.000219,0.00018,0.000288,0.0002346411841389,0.0001325384615384,0.000113,8.1e-05,0.000146,7.058637189596798e-05,0.0001580625,0.000159,8.725e-05,0.000182,0.0001033882448185,0.000240125,0.00018,0.00013625,0.000237,0.0001963956920534,0.0002651176470588,0.000177,0.000152,0.000301,0.0002076923452949
44251858f1bd6a904ad5c26e55508fb4,2,0.000141448275862,0.000111,8e-05,0.00013,0.0001267949937629,0.0001769444444444,0.0001205,0.0001,0.0001315,0.0001865089407168,0.000349909090909,0.000309,0.0002285,0.000469,0.0001935750265635,0.0001551,0.00013,0.0001185,0.00014525,0.0001217317586032,0.0003335454545454,0.000295,0.00020575,0.00036025,0.000209020100941,0.0001072727272727,0.000111,9.65e-05,0.0001195,3.2006533423946146e-05,0.0001657142857142,0.000111,9.2e-05,0.00014,0.0001668071170115,0.0002309,0.0002055,0.000145,0.00029375,0.0001153530329996,0.000190625,0.000161,0.0001405,0.000179,0.0001328893650121
44251858f1bd6a904ad5c26e55508fb4,3,0.0001625882352941,0.0001105,8.85e-05,0.00015975,0.0001567633069402,0.0001490384615384,0.000111,9.375e-05,0.000124,0.0001603143114682,0.0003697692307692,0.000278,0.000222,0.000553,0.0001846199491957,0.0001327058823529,0.000132,0.000125,0.000141,1.7648529350495303e-05,0.000367,0.0003,0.000159,0.000458,0.0002585066085551,0.0001110909090909,0.000104,8.6e-05,0.000109,4.25897981809131e-05,0.0001521818181818,0.000135,0.000108,0.0001652499999999,7.612060378337997e-05,0.0002116,0.000156,0.0001405,0.00018525,0.0001424462471718,0.000186,0.000172,0.000152,0.000221,5.523133168772957e-05
57334ce700310b2650adabca77bbdc39,1,0.0001373157894736,7.6e-05,4.8e-05,0.00013025,0.0001502439647145,9.75e-05,9.95e-05,8.525e-05,0.00010475,1.598436736314578e-05,0.0001421764705882,5.9e-05,8e-06,0.000159,0.0002099438125112,6.411764705882354e-05,3.2e-05,1.4e-05,5.9e-05,0.0001253374855903,7e-05,2.6e-05,8.75e-06,8.999999999999999e-05,0.0001167150375915,0.0001303548387096,4.2e-05,1.7e-05,6.65e-05,0.0002241959780173,0.0001989999999999,4.3e-05,2.925e-05,0.00013575,0.0003177287604504,0.0001098333333333,8.05e-05,3.95e-05,0.0001585,9.532798247327087e-05,0.0001210588235294,7.25e-05,4.8e-05,0.00010275,0.0001324791444253
57334ce700310b2650adabca77bbdc39,2,8.729032258064516e-05,7.9e-05,4.45e-05,0.0001095,6.355322889693178e-05,0.0001329642857142,9.3e-05,8.675e-05,0.00010025,0.000155610501917,3.435000000000001e-05,8.5e-06,-2.5e-05,6.9e-05,7.98586086055915e-05,1.0785714285714283e-05,8e-06,-7.75e-06,2.875e-05,2.4363208615983528e-05,4.421052631578947e-05,3.2e-05,1.4e-05,5.6e-05,6.509358984259887e-05,0.0001066666666666,4.9e-05,3.0500000000000003e-05,7.625e-05,0.0001767065035752,8.758823529411763e-05,4e-05,3.4e-05,7.2e-05,0.000166020352225,5.623076923076923e-05,5.6e-05,3.6e-05,7.4e-05,1.9562523040045415e-05,0.0001160357142857,7.9e-05,5.45e-05,0.000128,0.0001084908195955
57334ce700310b2650adabca77bbdc39,3,8.991666666666668e-05,6.9e-05,5.05e-05,9.9e-05,7.934838792733388e-05,9.366666666666666e-05,9.6e-05,9.1e-05,9.75e-05,6.806859285554042e-06,8.277777777777777e-05,2e-05,-2.075e-05,0.0001255,0.0001663205818523,2.9210526315789477e-05,1.2e-05,-5.000000000000003e-07,1.95e-05,6.12939900510178e-05,0.0001372777777777,5.85e-05,1.825e-05,0.00019475,0.0002010074056451,7.921875e-05,3.7000000000000005e-05,2.35e-05,6.35e-05,0.0001188134168526,6.63157894736842e-05,4.1e-05,2.35e-05,7.35e-05,8.448408964715648e-05,8.892307692307693e-05,7.2e-05,5e-05,7.9e-05,7.766430061323922e-05,0.0001485909090909,4.55e-05,3.625e-05,9.325e-05,0.0002339832430082
80d5a8bd9e65bac069257b0071bab47f,1,6.055263157894736e-05,3.95e-05,5e-06,7.4e-05,9.525859466605882e-05,0.0001140526315789,9e-05,8.25e-05,9.9e-05,0.0001157595562094,0.0002399791666666,0.0002005,0.00016975,0.00024425,0.0001230172950275,0.0001467575757575,0.000149,0.000135,0.00016,1.8422184830779274e-05,0.0002141666666666,0.0001755,0.00015575,0.0002855,0.0001036110149754,6.305882352941176e-05,5.7e-05,4.15e-05,7e-05,3.850693851405861e-05,7.335714285714287e-05,4.05e-05,2.5e-07,7.875e-05,0.0001376543090179,9.26153846153846e-05,7.6e-05,6e-05,9.5e-05,4.8402028989045595e-05,0.0001626428571428,0.00016,0.000155,0.00017275,2.1837184739856863e-05
80d5a8bd9e65bac069257b0071bab47f,2,4.0440000000000006e-05,2.95e-05,2.5e-07,5.975e-05,6.955079189384708e-05,0.0001299583333333,9.3e-05,8e-05,0.00012125,0.0001080038160222,0.0002624561403508,0.0002,0.000166,0.000285,0.000149822879973,0.0001425151515151,0.000144,0.00013,0.000155,1.8050486856524833e-05,0.0002480833333333,0.0001455,0.00010475,0.00033,0.0002328182565429,6.777142857142856e-05,4.6e-05,3.4e-05,7.5e-05,0.0001101691442107,1.913333333333334e-05,1e-05,5e-07,3.75e-05,3.075680335114416e-05,9.47e-05,6.8e-05,5.6e-05,0.0001175,6.631415133036588e-05,0.0001579411764705,0.000155,0.000145,0.000171,1.6219088245934535e-05
80d5a8bd9e65bac069257b0071bab47f,3,8.468421052631579e-05,4.25e-05,1.1e-05,7.374999999999999e-05,0.0001634691648356,0.0001609166666666,8.45e-05,8e-05,9.65e-05,0.0001810637548857,0.0003205106382978,0.0002,0.0001825,0.0003394999999999,0.0002227489201008,0.0001507741935483,0.000151,0.00014,0.0001595,1.751515472844275e-05,0.0002013,0.0001245,0.00010775,0.000227,0.0001864174997432,4.293749999999999e-05,4.2e-05,3e-05,5.9e-05,2.349322139709459e-05,4.214285714285714e-05,4.5e-05,2.5e-05,6e-05,3.8404798807291926e-05,0.0001607272727272,0.000133,6.6e-05,0.000264,0.0001152832085857,0.0001740555555555,0.00016,0.00014425,0.0001775,5.9041831852481774e-05
84df5c67036cb0251e472e3bb5943ed7,1,0.0002162916666666,0.0001819999999999,0.0001005,0.0002684999999999,0.0001462384827621,0.000193431372549,0.000122,9.5e-05,0.0001775,0.0001808749020623,0.00040525,0.0003435,0.00021,0.0005845,0.0002217693460718,0.0002172222222222,0.000147,0.000121,0.000223,0.0001605173824399,0.000519625,0.000565,0.0002925,0.000775,0.0002876914724723,0.00019472,0.000142,0.000121,0.000182,0.0001629878625337,0.0001866666666666,0.000159,0.000109,0.000219,0.0001410543630425,0.0001693333333333,0.000161,0.000135,0.000181,6.080296045424103e-05,0.0002819999999999,0.000212,0.00015825,0.00027225,0.0002149465049727
84df5c67036cb0251e472e3bb5943ed7,2,0.0002503703703703,0.00014,0.0001005,0.000261,0.0002461330390956,0.0001913181818181,0.000105,8e-05,0.00014575,0.0002133343017728,0.0005544166666666,0.0005825,0.00030475,0.00072225,0.0002688651092456,0.0001362352941176,0.000141,0.000122,0.000142,1.609164927751622e-05,0.0005098888888888,0.000501,0.000304,0.000731,0.000275401272893,0.0001494444444444,0.000115,8.900000000000001e-05,0.0001405,0.0001163575737428,0.0001744444444444,0.00012,9.75e-05,0.0001405,0.0002079471715214,0.0002257333333333,0.000171,0.00013,0.0003225,0.0001263512488867,0.0002500714285714,0.0001905,0.00015925,0.00027625,0.0001797418937021
84df5c67036cb0251e472e3bb5943ed7,3,0.0002644615384615,0.000201,0.000105,0.000318,0.0002345199406534,0.0002211333333333,0.000139,0.000121,0.000236,0.0001957677606041,0.0003839999999999,0.000411,0.00027,0.000412,0.0001599703097452,0.0001391875,0.000139,0.00012,0.00015225,1.9055073690052564e-05,0.0005800714285714,0.000661,0.000295,0.00084575,0.0003179425357575,0.0002141363636363,0.0001305,0.0001144999999999,0.00021,0.0002241152542468,0.00018035,0.0001505,0.00010275,0.0001819999999999,0.0001178492681351,0.0001419999999999,0.000146,0.000111,0.0001655,4.7608522646385794e-05,0.0002646666666666,0.000219,0.000168,0.0002715,0.0001565204991899
89c853cabdef64b04bbde99e04b06927,1,5.4e-05,4.7e-05,0.0,6.5e-05,6.443472148875428e-05,0.0001316666666666,9.6e-05,8.5e-05,9.8e-05,0.0001246545225814,0.0003093333333333,0.000241,0.000176,0.000351,0.0001771694104522,0.000115,0.0001135,0.00010875,0.000128,1.269420565229889e-05,0.0003115,0.0002795,5.1e-05,0.00054,0.0003233496559453,5.033333333333334e-05,3.3e-05,3.2e-05,6.5e-05,4.174625731727337e-05,2.7875e-05,2.4e-05,-4.5e-06,5.6000000000000006e-05,6.077226223486219e-05,6.0777777777777775e-05,4.8e-05,3.1e-05,6.5e-05,6.005992377987541e-05,0.0001471666666666,0.000145,0.00014375,0.00015925,1.078579312490896e-05
89c853cabdef64b04bbde99e04b06927,2,3.8285714285714286e-05,4.8e-05,7.499999999999999e-06,7.75e-05,4.637425394086064e-05,0.0001189411764705,8e-05,6.5e-05,9.6e-05,0.0001595099803257,0.000616625,0.0007045,0.00037225,0.0008515,0.0003041813075406,0.0001167142857142,0.000113,0.0001125,0.000128,1.2724180205607034e-05,0.0004156666666666,0.000383,0.0002154999999999,0.0005995,0.0003850406904904,0.0001276,0.000106,9.7e-05,0.000163,5.7998275836441906e-05,7.014285714285715e-05,4.5e-05,2.3e-05,5.5499999999999994e-05,9.88524634180126e-05,7.175e-05,4.0499999999999995e-05,1.575e-05,7.274999999999999e-05,9.766085631993434e-05,0.0001436,0.000144,0.000128,0.000159,1.6531787562148263e-05
89c853cabdef64b04bbde99e04b06927,3,2.22e-05,1.5e-05,0.0,4.8e-05,3.2994275597779417e-05,8.516666666666667e-05,7.999999999999999e-05,6.775e-05,8.1e-05,3.0062712230713095e-05,0.0005505999999999,0.000574,0.000306,0.000782,0.0003206225194835,0.0001166,0.000109,0.000109,0.000113,1.4859340496805369e-05,0.0004301428571428,0.00048,0.000192,0.000626,0.0003126400638494,6.8e-05,4.9e-05,3.2e-05,6.4e-05,7.357649081058433e-05,8.02e-05,4.7e-05,3.1e-05,0.0001,9.86138935444697e-05,-1.675e-05,-2.5e-05,-3.675e-05,-5e-06,3.425760256254564e-05,0.0001521666666666,0.0001565,0.00013725,0.00016075,1.8192489292745692e-05
8b51150f8620aa5da990ec45e86ae9c1,1,9.499510235706104e-05,6.06e-05,3.1549999999999994e-05,0.0001084692307692,0.0001261747695394,0.0001999889239278,0.0001448175675675,0.0001287567567567,0.0002084729729729,0.0001445977112846,0.0002885735393269,0.000216823076923,0.0001400076923076,0.0003757307692307,0.000210688005996,9.120808282439742e-05,7.199230769230769e-05,5.560769230769231e-05,0.0001039538461538,7.998417839210839e-05,0.0002603727706608,0.0001969047619047,0.0001054563492063,0.0003677857142857,0.0002228010757235,9.141093252773044e-05,6.0206349206349214e-05,3.490476190476191e-05,9.884920634920636e-05,0.0001158448201405,8.513812680733655e-05,5.898461538461537e-05,3.458076923076923e-05,9.346153846153844e-05,0.0001017354191065,0.0001182758319401,9.14e-05,5.883846153846154e-05,0.0001464692307692,0.0001010108441071,0.0001318237548477,9.685714285714283e-05,7.0765873015873e-05,0.000143123015873,0.0001136136747966
8b51150f8620aa5da990ec45e86ae9c1,2,9.499510235706104e-05,6.06e-05,3.1549999999999994e-05,0.0001084692307692,0.0001261747695394,0.0001999889239278,0.0001448175675675,0.0001287567567567,0.0002084729729729,0.0001445977112846,0.0002885735393269,0.000216823076923,0.0001400076923076,0.0003757307692307,0.000210688005996,9.120808282439742e-05,7.199230769230769e-05,5.560769230769231e-05,0.0001039538461538,7.998417839210839e-05,0.0002603727706608,0.0001969047619047,0.0001054563492063,0.0003677857142857,0.0002228010757235,9.141093252773044e-05,6.0206349206349214e-05,3.490476190476191e-05,9.884920634920636e-05,0.0001158448201405,8.513812680733655e-05,5.898461538461537e-05,3.458076923076923e-05,9.346153846153844e-05,0.0001017354191065,0.0001182758319401,9.14e-05,5.883846153846154e-05,0.0001464692307692,0.0001010108441071,0.0001318237548477,9.685714285714283e-05,7.0765873015873e-05,0.000143123015873,0.0001136136747966
8b51150f8620aa5da990ec45e86ae9c1,3,9.499510235706104e-05,6.06e-05,3.1549999999999994e-05,0.0001084692307692,0.0001261747695394,0.0001999889239278,0.0001448175675675,0.0001287567567567,0.0002084729729729,0.0001445977112846,0.0002885735393269,0.000216823076923,0.0001400076923076,0.0003757307692307,0.000210688005996,9.120808282439742e-05,7.199230769230769e-05,5.560769230769231e-05,0.0001039538461538,7.998417839210839e-05,0.0002603727706608,0.0001969047619047,0.0001054563492063,0.0003677857142857,0.0002228010757235,9.141093252773044e-05,6.0206349206349214e-05,3.490476190476191e-05,9.884920634920636e-05,0.0001158448201405,8.513812680733655e-05,5.898461538461537e-05,3.458076923076923e-05,9.346153846153844e-05,0.0001017354191065,0.0001182758319401,9.14e-05,5.883846153846154e-05,0.0001464692307692,0.0001010108441071,0.0001318237548477,9.685714285714283e-05,7.0765873015873e-05,0.000143123015873,0.0001136136747966
8d46f2f2b4385ddb9822fa37d9b3bd71,1,6.478378378378379e-05,3.7e-05,8e-06,8.9e-05,0.0001310339513118,0.0001149999999999,0.0001015,9.6e-05,0.00011025,5.5514377902000787e-05,0.0003066153846153,0.000166,0.000148,0.000328,0.0002785266409943,0.0001296153846153,0.0001295,0.00012175,0.0001574999999999,7.677920391516282e-05,8.677777777777777e-05,4.1e-05,2.5e-05,8.35e-05,0.0001127717922362,9.584210526315789e-05,6.4e-05,3.9e-05,0.000132,0.000111378864521,4.8e-05,4.45e-05,1e-05,8.5e-05,5.154655778078318e-05,9.023809523809524e-05,4.7e-05,8e-06,6.2e-05,0.0001498822553746,0.000133,0.000118,7e-05,0.000142,0.000137360110658
8d46f2f2b4385ddb9822fa37d9b3bd71,2,4.034375e-05,3.7000000000000005e-05,5.25e-06,6.9e-05,4.9644289133276824e-05,0.0001003999999999,0.0001035,9.675e-05,0.000107,1.2671559535141349e-05,0.000341,0.000129,0.000119,0.0006585,0.000320294656007,0.0001284347826086,0.000123,0.000115,0.00013,9.820610334993371e-05,1.3909090909090907e-05,0.0,-2.5e-05,5.85e-05,4.8516913639378475e-05,9.99090909090909e-05,7.3e-05,5e-05,0.0001235,0.0001142054767035,0.0001166538461538,8.7e-05,4.7e-05,0.000104,0.0001560389547023,0.0001054545454545,5.3e-05,2.9e-05,9.15e-05,0.0001603112232867,0.0001236999999999,0.0001325,6.375e-05,0.0001575,8.225000399936e-05
8d46f2f2b4385ddb9822fa37d9b3bd71,3,5.9e-05,3.6e-05,2.275e-05,5.725e-05,0.0001117559452751,0.0001188965517241,0.000108,9.5e-05,0.000116,6.861973103768862e-05,0.0002815384615384,0.000178,0.000141,0.000263,0.0002465585175249,0.00014296,0.000129,0.000118,0.00014,0.0001322678721383,0.0001138181818181,5.8e-05,-1.0000000000000006e-06,0.0001315,0.0001833356583874,0.0001446666666666,9.8e-05,2.975e-05,0.00016175,0.0001666582422113,4.2e-05,3.9e-05,1.7e-05,6.35e-05,3.4907670425645056e-05,3.942105263157895e-05,1.9e-05,2e-06,4.75e-05,7.4436636581035e-05,9.995454545454543e-05,0.0001025,7.424999999999999e-05,0.000137,4.4335815117853675e-05
95fd030c8a8a3be5d8da084097b89e31,1,0.0001834166666666,0.0001295,0.000106,0.00020425,0.0001457425077711,0.00015684375,0.0001,8.075000000000001e-05,0.000118,0.0001879248493199,0.0003515454545454,0.000302,0.0002594999999999,0.0003574999999999,0.0002162944121499,0.0001364117647058,0.000127,0.00012,0.000139,3.789468766121679e-05,0.000381625,0.0002515,0.00015475,0.00066075,0.0002825347708497,0.0001269333333333,0.000125,0.0001105,0.0001355,2.4728429753933785e-05,0.000133625,0.00011,9.1e-05,0.00015075,6.666060207922831e-05,0.0001586666666666,0.000116,8.950000000000001e-05,0.0002065,0.0001226961015408,0.0002063529411764,0.0002,0.000143,0.000259,8.3171465341539e-05
95fd030c8a8a3be5d8da084097b89e31,2,0.0001405945945945,0.00013,0.000101,0.000164,6.057110580845341e-05,0.0002156666666666,0.0001085,9.9e-05,0.00024675,0.0002029256601058,0.0003522,0.00027,0.00024275,0.00041275,0.0001929448971425,0.00012765,0.00013,0.0001162499999999,0.00013775,1.861882182942276e-05,0.0003673448275862,0.000242,0.00015,0.000608,0.0002857831690363,0.0001434285714285,0.000114,0.000102,0.000151,8.967417210578051e-05,0.0001553478260869,0.000119,8.999999999999999e-05,0.0001685,0.0001260005803362,0.000283,0.000309,0.0002445,0.0003345,9.27739187487518e-05,0.0002365625,0.000175,0.0001385,0.000221,0.0002107807609025
95fd030c8a8a3be5d8da084097b89e31,3,0.0001516153846153,0.000141,0.0001065,0.000169,8.150157098408898e-05,0.0001912,0.000122,9.55e-05,0.000178,0.0001639033687442,0.0003909999999999,0.0003715,0.00026675,0.0005425,0.0001679140936822,0.0001345555555555,0.0001385,0.000123,0.0001445,1.6234394215847893e-05,0.0003343,0.0001805,0.000132,0.00056325,0.0002724180417551,0.0001137333333333,0.000112,9.15e-05,0.000135,2.7788658186561004e-05,0.0001747407407407,0.000149,0.0001205,0.0001805,0.000138855373734,0.0001675,0.0001675,0.00014025,0.00019475,7.707463914933369e-05,0.0002708235294117,0.000211,0.000135,0.000271,0.0001956748691369
9e63a1c1f3ccd5fc9bd3bc6bc58b261f,1,7.307692307692299e-07,-2e-06,-2.55e-05,1.725e-05,4.6052448950068255e-05,0.0001596344086021,0.000119,9.1e-05,0.000151,0.000118470211349,0.0002228333333333,0.0001235,7.500000000000001e-05,0.0003075,0.0002256386994622,2.48135593220339e-05,-1.5e-05,-5.1e-05,9e-06,0.0001662892654772,0.00022496875,0.0001245,5.075e-05,0.00024425,0.0002850101848066,3.627586206896552e-05,9e-06,-1.8e-05,4.1e-05,0.000134285382821,1.4823529411764702e-05,-1e-06,-3e-05,1.8e-05,0.0001214630783891,-8.8e-06,-2.7e-05,-5.4e-05,-8e-06,8.620156083800971e-05,4.017647058823529e-05,0.0,-1.5e-05,1.4e-05,0.0001408865835051
9e63a1c1f3ccd5fc9bd3bc6bc58b261f,2,4.816666666666666e-05,-1e-06,-1.6e-05,2.7e-05,0.0001587459275179,0.0001653055555555,0.0001145,8.075e-05,0.0001477499999999,0.0001659013484981,0.0002343333333333,0.000139,4.375e-05,0.00033025,0.0002566744463879,7.545652173913043e-05,1.5e-06,-1.625e-05,6.199999999999999e-05,0.0001907062553914,0.00014284,5.9e-05,8e-06,0.000243,0.0001961427371414,1.575e-05,4.5e-06,-2e-05,2.425e-05,7.83951529113886e-05,2.2769230769230773e-05,-4.7e-05,-5.4e-05,7.1e-05,0.0001377686187333,1.1891891891891893e-05,-1.1e-05,-5.1e-05,3.3e-05,0.0001362179185031,7.539999999999999e-05,0.0,-2.5e-06,8.65e-05,0.0002069775005025
9e63a1c1f3ccd5fc9bd3bc6bc58b261f,3,4.0392857142857134e-05,-5e-07,-1.725e-05,5.4999999999999995e-05,0.0001373568251038,0.0001787882352941,0.000117,9.4e-05,0.000178,0.0001594190415613,0.0001572631578947,8.850000000000001e-05,4.525e-05,0.00018975,0.0001878138359768,1.862745098039216e-06,-5e-06,-3.4e-05,4.999999999999999e-07,8.362703381271946e-05,0.0002472857142857,0.000154,4.925e-05,0.0002602499999999,0.0002974749111291,6.476190476190475e-05,3.7e-05,0.0,0.000149,9.861891540769688e-05,3.2538461538461535e-05,-2e-06,-1.9e-05,2e-06,9.540581340132912e-05,2.0928571428571433e-05,-2.75e-05,-6.675e-05,-1e-06,0.0002018328689005,0.0001533529411764,6.9e-05,2e-06,0.000186,0.0002391246905843
acc53f18cc2c6d28c1f83a71798f2ceb,1,0.0001771162790697,0.000129,9.45e-05,0.000191,0.0001556625179373,0.0001903529411764,0.000112,9.025e-05,0.0001464999999999,0.0001970912544149,0.0004619285714285,0.0003875,0.000293,0.000612,0.0002175098456783,0.0001714583333333,0.0001325,0.00011975,0.000146,0.0001399648959612,0.0003790555555555,0.0002105,0.00015225,0.000653,0.0003213761717844,0.000157125,0.0001085,8.225000000000001e-05,0.000124,0.0001916760722329,0.00021965,0.00014,0.000102,0.000248,0.000201979226394,0.000202,0.00014,0.00012,0.000263,0.0001367340484297,0.0002828666666666,0.000201,0.0001685,0.0002785,0.0002013056903129
acc53f18cc2c6d28c1f83a71798f2ceb,2,0.0001532424242424,0.000115,9.7e-05,0.000152,0.0001597545050818,0.0001821999999999,0.0001065,9.075e-05,0.00013525,0.0001860194104189,0.000513,0.0004525,0.00028625,0.00072725,0.0002651695855314,0.000184625,0.0001309999999999,0.0001215,0.00015,0.0001438637665756,0.0004090526315789,0.000279,0.0001565,0.000753,0.0002959548527289,0.0001241818181818,0.000101,8.1e-05,0.0001095,9.575679420471238e-05,0.0001245,0.0001195,9.875e-05,0.00014225,3.5006014520815977e-05,0.0003395,0.0002389999999999,0.00016625,0.0003484999999999,0.0003005426758382,0.0002510769230769,0.00017,0.000166,0.000212,0.0002081815960239
acc53f18cc2c6d28c1f83a71798f2ceb,3,0.0001845499999999,0.000126,8.75e-05,0.000191,0.0001753386393854,0.0001980625,0.0001215,9.85e-05,0.000146,0.0002097848263986,0.0003599,0.000295,0.0002465,0.000403,0.0001964786954806,0.0001292666666666,0.000138,0.0001155,0.0001425,2.3001449229704348e-05,0.00041785,0.000244,0.0001645,0.00066025,0.0003361483499258,0.0001609999999999,0.000103,8.774999999999999e-05,0.00014075,0.0001656282804134,0.0001819545454545,0.000125,9.225e-05,0.0001855,0.0001912939590992,0.0003011111111111,0.000217,0.000182,0.000379,0.0001986922522674,0.0002595454545454,0.000178,0.000143,0.0003095,0.0001766150410561
b44b02731b8c4f09aba75188a01fd0e4,1,0.0001207428571428,8.3e-05,3.2e-05,0.000129,0.0001668365425581,0.0001153243243243,9.7e-05,6.7e-05,0.00011,9.714623972080388e-05,0.000279923076923,0.000143,9.5e-05,0.000467,0.0002475158114607,0.0001202857142857,0.000121,0.00011,0.00013,2.033013245688e-05,0.0003905,0.000317,0.0002504999999999,0.0005525,0.0002406636657245,7.08e-05,7.85e-05,2.35e-05,0.00010475,5.141724743053962e-05,7.971428571428572e-05,6.5e-05,4.6e-05,8.7e-05,5.7625639134974334e-05,0.0001359444444444,0.000146,0.000106,0.0001725,6.06944829571676e-05,0.0001012083333333,9.7e-05,7.8e-05,0.000111,6.909601332906996e-05
b44b02731b8c4f09aba75188a01fd0e4,2,9.551351351351352e-05,3.1e-05,1.6e-05,6.6e-05,0.0001894734841638,0.00013,9.85e-05,8.125e-05,0.00013,0.0001069504558195,0.0002010769230769,0.000118,8.1e-05,0.000191,0.0001913236618658,0.0001114761904761,0.000123,0.000108,0.000131,3.863627705618005e-05,0.0003561666666666,0.00027,0.00015025,0.0004505,0.0002768818499351,7.4e-05,4.7e-05,0.0,8.1e-05,0.0001091615774895,6.73888888888889e-05,7.4e-05,3.5e-05,8.2e-05,4.570897567782874e-05,0.00012525,9.4e-05,4.25e-05,0.0002279999999999,0.0001136013497572,9.6375e-05,9.4e-05,7.8e-05,0.0001085,4.308011999902548e-05
b44b02731b8c4f09aba75188a01fd0e4,3,6.47872340425532e-05,3.2e-05,1.55e-05,9.8e-05,7.997361960976577e-05,0.00030625,9.25e-05,7.725e-05,0.0005805,0.0003498561067846,0.0001943846153846,0.000144,0.000114,0.000148,0.0001640520946028,0.0001112916666666,0.000113,0.000101,0.00012925,2.3020745212632183e-05,0.0003392,0.000239,0.000164,0.0004514999999999,0.0002617442044657,0.0001298888888888,6.6e-05,3.2e-05,9.7e-05,0.0002190373509498,6.13e-05,5.45e-05,3.1e-05,0.000103,4.856368580480036e-05,0.0001088095238095,0.0001,6.2e-05,0.000163,6.810184949589772e-05,9.451999999999998e-05,9.3e-05,7.3e-05,0.000117,2.919920090230781e-05
c07090f6213e1c0fb92b31e0c00b93d9,2,9.499510235706104e-05,6.06e-05,3.1549999999999994e-05,0.0001084692307692,0.0001261747695394,0.0001999889239278,0.0001448175675675,0.0001287567567567,0.0002084729729729,0.0001445977112846,0.0002885735393269,0.000216823076923,0.0001400076923076,0.0003757307692307,0.000210688005996,9.120808282439742e-05,7.199230769230769e-05,5.560769230769231e-05,0.0001039538461538,7.998417839210839e-05,0.0002603727706608,0.0001969047619047,0.0001054563492063,0.0003677857142857,0.0002228010757235,9.141093252773044e-05,6.0206349206349214e-05,3.490476190476191e-05,9.884920634920636e-05,0.0001158448201405,8.513812680733655e-05,5.898461538461537e-05,3.458076923076923e-05,9.346153846153844e-05,0.0001017354191065,0.0001182758319401,9.14e-05,5.883846153846154e-05,0.0001464692307692,0.0001010108441071,0.0001318237548477,9.685714285714283e-05,7.0765873015873e-05,0.000143123015873,0.0001136136747966
c4a6070b1b7a16facf1d1e44e39a8a46,1,9.499510235706104e-05,6.06e-05,3.1549999999999994e-05,0.0001084692307692,0.0001261747695394,0.0001125,0.0001125,0.00010875,0.00011625,1.0606601717798212e-05,0.0002885735393269,0.000216823076923,0.0001400076923076,0.0003757307692307,0.000210688005996,9.120808282439742e-05,7.199230769230769e-05,5.560769230769231e-05,0.0001039538461538,7.998417839210839e-05,0.0002603727706608,0.0001969047619047,0.0001054563492063,0.0003677857142857,0.0002228010757235,9.141093252773044e-05,6.0206349206349214e-05,3.490476190476191e-05,9.884920634920636e-05,0.0001158448201405,8.513812680733655e-05,5.898461538461537e-05,3.458076923076923e-05,9.346153846153844e-05,0.0001017354191065,0.0001182758319401,9.14e-05,5.883846153846154e-05,0.0001464692307692,0.0001010108441071,0.0001318237548477,9.685714285714283e-05,7.0765873015873e-05,0.000143123015873,0.0001136136747966
c4a6070b1b7a16facf1d1e44e39a8a46,3,9.499510235706104e-05,6.06e-05,3.1549999999999994e-05,0.0001084692307692,0.0001261747695394,0.0001125,0.0001125,0.00010875,0.00011625,1.0606601717798212e-05,0.0002885735393269,0.000216823076923,0.0001400076923076,0.0003757307692307,0.000210688005996,9.120808282439742e-05,7.199230769230769e-05,5.560769230769231e-05,0.0001039538461538,7.998417839210839e-05,0.0002603727706608,0.0001969047619047,0.0001054563492063,0.0003677857142857,0.0002228010757235,9.141093252773044e-05,6.0206349206349214e-05,3.490476190476191e-05,9.884920634920636e-05,0.0001158448201405,8.513812680733655e-05,5.898461538461537e-05,3.458076923076923e-05,9.346153846153844e-05,0.0001017354191065,0.0001182758319401,9.14e-05,5.883846153846154e-05,0.0001464692307692,0.0001010108441071,0.0001318237548477,9.685714285714283e-05,7.0765873015873e-05,0.000143123015873,0.0001136136747966
d663d20c8cd195e564ccf48d082c5755,1,8.584615384615385e-05,3.4e-05,1.6e-05,8e-05,0.0001729590061655,0.0001960153846153,0.000112,9.6e-05,0.000129,0.000201120648827,0.0002790526315789,0.000224,6.45e-05,0.000424,0.0002460644616726,1.845454545454546e-05,-3.2e-05,-4.8e-05,0.0,0.0001695153184282,0.00029704,0.000255,3.3e-05,0.000464,0.0003182295397979,2.6407407407407408e-05,1.6e-05,-7.5e-06,4.8e-05,5.5343166668217464e-05,4.9e-05,4e-05,1.6e-05,6.4e-05,9.714206424181694e-05,6.248387096774194e-05,4.8e-05,1.55e-05,7.9e-05,8.951010034915684e-05,2.1363636363636365e-05,1.6e-05,0.0,5.3e-05,3.530755410140126e-05
d663d20c8cd195e564ccf48d082c5755,2,4.255999999999999e-05,4.8e-05,1e-06,6.4e-05,4.2960427923228816e-05,0.0001682209302325,0.0001055,9.6e-05,0.000113,0.0001961066577243,0.000188238095238,0.000127,6.4e-05,0.000176,0.0002125271523269,-4.631578947368419e-06,-3.2e-05,-5.975e-05,0.0,0.0001186738480839,0.0001840357142857,9.55e-05,4.4250000000000005e-05,0.00019925,0.0002301222673634,3.137931034482759e-05,1.6e-05,0.0,4.9e-05,4.416237392776752e-05,7.819999999999999e-05,6.4e-05,3.2e-05,8.9e-05,9.941617811296224e-05,7.11315789473684e-05,4.8e-05,1.6e-05,7.85e-05,0.0001126590577811,5.97878787878788e-05,4.8e-05,1e-06,6.5e-05,8.54139763064854e-05
d663d20c8cd195e564ccf48d082c5755,3,6.417073170731708e-05,4.8e-05,3.1e-05,6.4e-05,0.0001120182803025,0.000132352112676,0.000112,9.6e-05,0.000128,8.66854903976025e-05,0.0001602777777777,0.000113,6.775e-05,0.00015975,0.0001451631153749,2.0242424242424245e-05,-3.2e-05,-4.8e-05,1e-06,0.0001532820175165,0.0001601153846153,7.25e-05,3.575e-05,0.00022025,0.0001967327785445,1.941379310344827e-05,1.6e-05,1e-06,4.4e-05,3.625654348959382e-05,6.648484848484847e-05,4.8e-05,3.2e-05,6.5e-05,8.119887669024476e-05,7.613793103448275e-05,4.8e-05,1.6e-05,8.1e-05,0.0001246474239427,4.659090909090909e-05,1.6e-05,1.5e-05,4.4e-05,7.824604605309921e-05
de49d95137d1b723cdf26bae776d7cd7,1,0.0001059487179487,7.2e-05,3.7000000000000005e-05,0.000129,0.0001218869080483,0.0001463269230769,0.000101,8.975e-05,0.0001155,0.000145282378343,7.163636363636363e-05,2.7e-05,-1.3e-05,0.000113,0.0001208865217315,1.8111111111111112e-05,1.6e-05,-9e-06,4.1500000000000006e-05,3.513964814557584e-05,0.0001067083333333,6.9e-05,3.825e-05,0.00015525,0.0001018299858317,0.0001305227272727,5.8e-05,4.225e-05,0.000141,0.0001597610845062,0.0001427619047619,8.8e-05,5.6e-05,0.000186,0.000161016429212,0.000132125,8.750000000000001e-05,5.35e-05,0.0001345,0.0001464324484413,0.0002440833333333,0.0001405,9e-05,0.000354,0.0002221428594395
de49d95137d1b723cdf26bae776d7cd7,2,0.0001783199999999,9e-05,4.8e-05,0.000204,0.0002187477085594,0.0001583333333333,9.6e-05,9.15e-05,0.000102,0.0001771500633009,0.0001305652173913,5.5e-05,-1.85e-05,0.0002355,0.000214275910937,4.7565217391304336e-05,2.1e-05,-7.499999999999999e-06,4.5e-05,9.730216576444016e-05,8.535714285714285e-05,7.25e-05,6.4e-05,9.275e-05,5.2058557477070056e-05,9.61219512195122e-05,5.8e-05,4.2e-05,0.000104,0.0001444424098251,8.38e-05,7.5e-05,4.8e-05,8.9e-05,6.166522520837818e-05,0.0001271176470588,9.2e-05,5.7e-05,0.000138,0.0001157588454249,0.0001317096774193,7.6e-05,5.6e-05,0.0001075,0.0001796812350707
de49d95137d1b723cdf26bae776d7cd7,3,0.0001096,9.7e-05,3.9e-05,0.00012,0.000106530512061,0.0001115789473684,9.1e-05,8.55e-05,9.95e-05,9.168624990178534e-05,5.3272727272727265e-05,3.5499999999999996e-05,-8e-06,6.675e-05,9.192086752988076e-05,1.8133333333333335e-05,8e-06,-8e-06,4.2e-05,4.636788708126511e-05,0.0001386666666666,8.750000000000001e-05,3.375e-05,0.00016825,0.0001671642427613,0.000120193548387,6.7e-05,4.05e-05,0.000106,0.0001499296322401,8.115789473684212e-05,6.1e-05,3.8e-05,7.649999999999999e-05,9.890807357108852e-05,0.0001283,0.0001329999999999,6.9e-05,0.000163,7.305104760067139e-05,0.000173923076923,9.2e-05,4.625e-05,0.0002025,0.0001875748219941
edc8ba7558e8f5e56c9ede5709709e3f,1,2.3910000000000003e-05,1e-06,-1.6e-05,3.375e-05,0.0001045089619664,0.000119408759124,9.5e-05,8e-05,0.000105,0.0001089611745979,0.0003245352112676,0.000168,9.2e-05,0.0005175,0.00029087482978,3.154929577464788e-05,2.4e-05,0.0,4.4e-05,3.5371008601635636e-05,0.0003927619047619,0.0002,0.000136,0.000657,0.0003159876429169,2.9866666666666663e-05,3.2e-05,0.0,4.75e-05,3.1363916179189715e-05,3.531249999999999e-06,0.0,-1.8e-05,3.2749999999999996e-05,3.1410892270449854e-05,9.925e-05,8.65e-05,7.1e-05,0.0001075,5.77010760653948e-05,3.8857142857142854e-05,1.2e-05,-4e-06,5.6e-05,9.277879478579554e-05
edc8ba7558e8f5e56c9ede5709709e3f,2,1.940384615384615e-05,0.0,-1.7e-05,2.4e-05,0.0001050394765578,0.000130435582822,8.8e-05,7.9e-05,9.6e-05,0.0001578557724598,0.0002201971830985,0.000143,8.85e-05,0.000252,0.0002207400940808,1.8278688524590163e-05,1.5e-05,0.0,3.1e-05,3.299248962392349e-05,0.0003034,0.000222,0.00012,0.00040775,0.0002519549220765,0.0001122666666666,2.3e-05,0.0,0.000113,0.0002090158800073,7.933333333333332e-06,0.0,0.0,2.7e-05,3.7559087548438447e-05,0.0001032686567164,7.9e-05,6.850000000000001e-05,0.0001035,0.000121058786382,6.333333333333333e-05,2e-05,0.0,9.175e-05,0.0001665788274275
edc8ba7558e8f5e56c9ede5709709e3f,3,8.470588235294118e-06,0.0,-2.375e-05,2.225e-05,7.770249252247323e-05,0.0001126120689655,8.65e-05,7.8e-05,9.7e-05,0.0001157434022198,0.0002486111111111,0.0001295,8.774999999999999e-05,0.00023575,0.0002719992002657,3.1206349206349214e-05,2.4e-05,0.0,4e-05,6.066384338731968e-05,0.00029571875,0.0001565,0.000104,0.00037225,0.0002809523245487,0.0001083846153846,2.5e-05,1e-06,5.4e-05,0.0002275058748184,1.0625000000000002e-06,0.0,-2.425e-05,2.275e-05,2.89748918002934e-05,9.813235294117646e-05,8.6e-05,7.2e-05,0.0001032499999999,9.314214853216028e-05,6.666666666666673e-07,0.0,-3.9e-05,4e-05,6.284610833880912e-05
f508fd21fe9cffac4d76fc6dc48602b4,1,9.499510235706104e-05,6.06e-05,3.1549999999999994e-05,0.0001084692307692,0.0001261747695394,0.0001999889239278,0.0001448175675675,0.0001287567567567,0.0002084729729729,0.0001445977112846,0.0002885735393269,0.000216823076923,0.0001400076923076,0.0003757307692307,0.000210688005996,9.120808282439742e-05,7.199230769230769e-05,5.560769230769231e-05,0.0001039538461538,7.998417839210839e-05,0.0002603727706608,0.0001969047619047,0.0001054563492063,0.0003677857142857,0.0002228010757235,9.141093252773044e-05,6.0206349206349214e-05,3.490476190476191e-05,9.884920634920636e-05,0.0001158448201405,8.513812680733655e-05,5.898461538461537e-05,3.458076923076923e-05,9.346153846153844e-05,0.0001017354191065,0.0001182758319401,9.14e-05,5.883846153846154e-05,0.0001464692307692,0.0001010108441071,0.0001318237548477,9.685714285714283e-05,7.0765873015873e-05,0.000143123015873,0.0001136136747966
f508fd21fe9cffac4d76fc6dc48602b4,2,9.499510235706104e-05,6.06e-05,3.1549999999999994e-05,0.0001084692307692,0.0001261747695394,0.0001999889239278,0.0001448175675675,0.0001287567567567,0.0002084729729729,0.0001445977112846,0.0002885735393269,0.000216823076923,0.0001400076923076,0.0003757307692307,0.000210688005996,9.120808282439742e-05,7.199230769230769e-05,5.560769230769231e-05,0.0001039538461538,7.998417839210839e-05,0.0002603727706608,0.0001969047619047,0.0001054563492063,0.0003677857142857,0.0002228010757235,9.141093252773044e-05,6.0206349206349214e-05,3.490476190476191e-05,9.884920634920636e-05,0.0001158448201405,8.513812680733655e-05,5.898461538461537e-05,3.458076923076923e-05,9.346153846153844e-05,0.0001017354191065,0.0001182758319401,9.14e-05,5.883846153846154e-05,0.0001464692307692,0.0001010108441071,0.0001318237548477,9.685714285714283e-05,7.0765873015873e-05,0.000143123015873,0.0001136136747966
f508fd21fe9cffac4d76fc6dc48602b4,3,9.499510235706104e-05,6.06e-05,3.1549999999999994e-05,0.0001084692307692,0.0001261747695394,0.0001999889239278,0.0001448175675675,0.0001287567567567,0.0002084729729729,0.0001445977112846,0.0002885735393269,0.000216823076923,0.0001400076923076,0.0003757307692307,0.000210688005996,9.120808282439742e-05,7.199230769230769e-05,5.560769230769231e-05,0.0001039538461538,7.998417839210839e-05,0.0002603727706608,0.0001969047619047,0.0001054563492063,0.0003677857142857,0.0002228010757235,9.141093252773044e-05,6.0206349206349214e-05,3.490476190476191e-05,9.884920634920636e-05,0.0001158448201405,8.513812680733655e-05,5.898461538461537e-05,3.458076923076923e-05,9.346153846153844e-05,0.0001017354191065,0.0001182758319401,9.14e-05,5.883846153846154e-05,0.0001464692307692,0.0001010108441071,0.0001318237548477,9.685714285714283e-05,7.0765873015873e-05,0.000143123015873,0.0001136136747966
fec3158cc943a0fc7f6ec2713e2b1c85,1,5.580392156862744e-05,3.2e-05,1.6e-05,7.199999999999999e-05,6.959282135618389e-05,0.0001910932203389,0.000112,9.6e-05,0.0001287499999999,0.0002190107122731,0.0002224736842105,8e-05,4.9e-05,0.0002399999999999,0.0002919877030175,-1.9428571428571427e-05,-1.6e-05,-4.8e-05,0.0,5.142915499202059e-05,0.0002036296296296,0.000113,4.8e-05,0.00028,0.0002237533236793,8.204e-05,3.1e-05,0.0,8e-05,0.0001818024293933,4.346875e-05,4.8e-05,2.75e-05,6.4e-05,4.764721457180485e-05,5.95e-05,4.8e-05,1.775e-05,7.9e-05,7.733369252790145e-05,3.541666666666666e-05,2.5e-05,1.15e-05,5.2e-05,3.755565917717174e-05
fec3158cc943a0fc7f6ec2713e2b1c85,2,5.1744186046511616e-05,4.8e-05,2.4e-05,7.199999999999999e-05,3.901531629846571e-05,0.0001509263157894,0.000111,9.6e-05,0.000127,0.0001516617346166,0.0001706956521739,9.7e-05,7.999999999999999e-05,0.0002085,0.0001541290589033,5.2424242424242445e-06,-1.8e-05,-4.8e-05,1.6e-05,0.0001465138709949,0.0001349523809523,9.5e-05,3.2e-05,0.000144,0.0001858234312971,6.119230769230769e-05,4.05e-05,1.6e-05,7.6e-05,7.576332581441722e-05,7.885185185185184e-05,4.8e-05,3.15e-05,8.8e-05,0.0001254605986888,9.16451612903226e-05,4.7e-05,1.7e-05,7.15e-05,0.0001739209683327,4.528571428571428e-05,3.95e-05,1.6e-05,6.4e-05,4.377032407740739e-05
fec3158cc943a0fc7f6ec2713e2b1c85,3,5.8214285714285715e-05,4.85e-05,1.975e-05,6.4e-05,7.996875478685585e-05,0.0001801538461538,0.000111,9.6e-05,0.000127,0.0002055004709397,0.0002600434782608,0.00016,7.199999999999999e-05,0.0003599999999999,0.0002595679063823,2.8483870967741933e-05,-3.4e-05,-4.9e-05,8.5e-06,0.0001518488000101,7.981818181818182e-05,6.35e-05,1.6e-05,0.000112,9.020750489506923e-05,7.428e-05,3.2e-05,1.6e-05,6.4e-05,0.0001731123238439,7.655555555555555e-05,4.8e-05,3.2e-05,8.05e-05,8.5231058501777e-05,3.2730769230769224e-05,3.2e-05,1.975e-05,4.8e-05,2.3781602456197425e-05,4.384615384615385e-05,4.8e-05,1.525e-05,7.549999999999999e-05,3.703154580375203e-05
